-xoxxoo-x;2
xox-o---x;-5
---xox-o-;32
oox-x-xox;1
x-x-o--o-;-1
x-xoxo---;15
--o-x--x-;105
-xoxox-xo;-2
xoo--xox-;-2
x-o---xo-;-39
-x-ox----;197
-x-ox-x-o;10
-xxoxo---;11
oxxxo-oxo;1
xooxxo-x-;0
x-oo-xo-x;-1
o--xx-o-x;9
oxxxoox-o;1
--oxxo-x-;-1
xo--x-xo-;15
oo-xo--xx;-3
xx-ox--o-;10
xo--xx-oo;-3
x--xoooxx;-1
xooxxxoxo;1
xo--ox-xo;-2
-xooo-x-x;-1
xxxox-o-o;1
--o--xo-x;8
xoo--x-x-;12
xoxoxx-oo;-1
xo-ox---x;1
o-x-x--xo;14
oxoxx-o-x;2
-xxoo-oxx;-2
-oxox-xxo;1
oxoxx---o;-2
x-xx-o-o-;10
oxoooxx-x;-1
oox--o-xx;-3
oxx-xx-oo;0
x-o-ox--x;-7
ox-xoxxo-;-1
x------ox;141
x--xooxox;1
oxo-ox-x-;2
-o--ox--x;3
o-xooxxx-;0
-oxx-oxox;0
-x-ooxx-o;0
xx--oxo--;-2
xo-ox-xxo;1
x--xoo-x-;5
xo---x-o-;-24
oxxx-ooxo;-1
x----o-xo;-18
o-xxx---o;14
o-x------;-700
oxxoxxoo-;1
xoo---xx-;10
o-ox--oxx;2
xx--xoo-o;0
-oox-xxxo;0
-o--oxx--;6
-x--oxoox;-1
xo-oxoxx-;2
ox-xo-x--;-3
o-xx-o-ox;-2
oxx-ooxx-;-2
--ooxxoxx;0
-oxxxx-oo;1
xxx-xoo-o;1
oox-x-x--;1
x-oxo--x-;-2
---x--ox-;76
-o---xoxx;1
o-xxoo--x;-2
--xx-oo--;-38
oxxxo-xoo;1
xoxo-o--x;-1
-xo-o-x--;-16
x-oxxo---;4
-o-xoo-xx;-3
x-o---x-o;-7
ox--xoxox;1
ooxx--x-o;-1
xoooxxxo-;-1
ooxxx-oox;-1
ox--x-ox-;1
x-ox-x-o-;2
-oxx-ox--;14
x-o----ox;-27
-xxxoxoo-;0
x-o-x--xo;3
xo-o-x--x;14
-xoxo---x;1
xxooo-x-x;-1
o--xx--o-;-39
-xooxx-ox;1
--xxoo-ox;0
x--xo-oox;2
-o-oxx---;-38
xoox-ooxx;-1
oxo--x-ox;-2
-x-o-xoox;-3
x-x-o--ox;0
-----oxxo;2
xoox---xo;-3
x-o-ox-ox;4
ooox-xoxx;1
xxxo--xoo;1
ox-oxxoox;1
oo-x-xxox;-2
ox-o--xox;-4
oo-x-xox-;-3
-oxxo--xo;0
-oxxooxxo;-1
--xo-o--x;-16
ox-xx--o-;9
oxo-x---x;9
o-oxoxxx-;-2
x----oox-;-22
xx-oxoox-;1
-o-o-xx-x;10
ooxxoxox-;-1
oxx-----o;8
oxxxo-o-x;1
o-xoxoxx-;1
o-xxoxox-;0
x-----oox;-33
xxooo---x;4
-oxoo-xx-;-1
o--x-xoxo;-1
-xo--x---;76
-xox-o-ox;-4
ooo-x--xx;1
xoxxo-x-o;1
x--ox---o;-34
x-x-oo-ox;1
xo-xo--xo;-3
ox-ox-x-o;-4
xxoxxooo-;-1
-o-xoxxo-;1
oxxo--x-o;-1
x-xo-o-x-;7
-xoooxxox;0
oox-oxx-x;1
-oooxxx-x;0
-xxo-ooxx;-2
xxox-xo-o;-2
-x-xo-xoo;-1
o-xxoxxoo;1
x--xx-oo-;4
o-x----x-;80
xox-o-x--;-5
-x-oxxo-o;1
oxox-xoxo;-1
--xoo-x-x;0
o--x-x--o;7
ooxxooxxx;1
--ox-xxo-;6
oo----x-x;-15
--xxxoxoo;1
xo-x--o-x;1
x----xoo-;0
-x-o-xxo-;12
o-ox-x--x;-5
--xxox-o-;-9
ooo-xxoxx;1
xox-oo-x-;0
-xox--x-o;-1
x--oxoxox;1
x-----o-x;117
xx--oo-ox;-3
-x--o----;214
o--xoxoxx;0
xoxoxxoox;1
oxoxxooxx;1
x---ox--o;-16
xo-xoxo--;4
--oxxx--o;1
x---xo-xo;3
xoox-o--x;-4
xx--o-oox;-1
x---oox--;-1
--oxoo-xx;-1
xox--o---;-38
oox--x-x-;9
o-ox-xxox;-1
xx-xo-xoo;1
x-x-oxxoo;0
ox--o--x-;38
oxxox-oox;1
-xoxoox-x;2
oox-xox-x;1
oooxox-xx;1
-oxo-xox-;-1
-oxo-x--x;1
--xoxoox-;-3
oo-x-x-x-;-1
--o-x-xo-;-34
--xooo-xx;1
xxooxx-o-;1
xoxoo-xx-;-1
ooo-x-x-x;1
oxx--o---;-8
x-o-oxxox;-1
o-x-xo-ox;-3
x-ox--ox-;-3
oo-xoxxox;1
oo--oxxxx;1
x-xx-oxoo;1
xo-xoo-xx;1
oo-xox-xx;0
-xo-ox--x;-3
-o-x--xox;-1
x-xo-xo--;10
--xxo--ox;3
-oo-xxox-;-3
x-x--ooox;-4
xo-xo-oxx;-1
-x-oxoo-x;-2
oooxx-xox;1
ox-o--xxo;-1
x-ox--oox;-1
xo-xoxx-o;1
xoxo-ox-x;0
-ox-oo-xx;-1
-x-o--x-o;-22
xxxx-o-oo;1
---oxo-xx;11
ooxxxo--x;1
o---oxx--;12
-o-xxox-o;-2
--oxx-oox;-4
xxo-ooxxo;1
-oo-xxoxx;0
-oox-x--x;-9
-oxo--xox;-2
--xxooxox;-1
-oxxoox-x;0
o-x-o-xx-;-2
x---xox-o;4
ox-o---xx;0
xoxxoxo-o;0
-xxo-x-oo;-3
oxxo----x;-1
----oxo-x;7
--x--oxo-;-29
ooxxxoo-x;0
-x-o-ooxx;1
-xx--xoo-;0
oxxxo--ox;1
xx-x--ooo;1
oxxo-o-xx;-2
oxoxxxxoo;1
xo-o--oxx;-5
-ooxx-x--;0
oxox--ox-;-1
xo-x---ox;4
oooxxoxx-;1
xoxxoo---;-1
-xo-xo--x;14
--xo-xoxo;0
-o-x--oxx;0
o-x-oox-x;-1
oxx--ooxx;-1
xoo---xox;-2
o-xx-ox-o;-1
-xooxxoox;-1
--xoxxo-o;4
ooxo-x-xx;1
oxx------;-28
x-xo-o-ox;-2
-xoxoxoox;1
x-xoo--ox;0
-x-oxoxo-;-5
xxxoo----;1
ox--oxxox;1
xxox-x-oo;0
-ooo-xxx-;-1
xxo--oxo-;-3
xoxx-xooo;1
o--x-xxo-;-3
--xoxoxox;1
--xox----;189
xoxoooxx-;1
-xo-ox-ox;2
ox-x-ox-o;2
---xxxoo-;1
--oo-x--x;-20
oo---x--x;-1
-x-xxoo--;5
-x-x-o-ox;12
--xo-xxoo;-5
--x-ox--o;26
xooooxxxx;1
-ox-oxox-;-3
--x-oxxo-;-1
o-o---xxx;1
xoox---ox;-2
x-o--x-o-;-22
xx----oox;10
xxoxx-oo-;0
x--oo-xox;4
oo-x-oxx-;-3
oxx-oox-x;-1
oxo--xx-o;-2
-o-xx--ox;14
oo--xx-ox;-2
x-oo-oxx-;1
xxo-xxoo-;0
--x-o-xxo;-7
oo-oxxxox;-1
o-xxx--o-;10
-xoxxo-ox;1
o---ox-xx;2
ox-x-x-o-;5
-xx--oox-;6
---xoxox-;-7
-xo-xoxox;1
-x-oxx--o;5
--o-oxx-x;1
oxx-x-xoo;1
x-oo---x-;-22
xooo-x-x-;-4
-xooxxox-;1
-xx---oxo;6
x-xo-oxxo;0
-xoo-x--x;0
--ox-x---;-39
--o--o-xx;-33
o-xoxxo--;1
xoxoox--x;1
oxoxooxxx;1
x-ooxx-xo;1
oxoxxx--o;1
xoxx-oox-;0
oo-oxx-xx;-2
--xxoox--;5
ox--oxx-o;1
-oxxoxo-x;1
xxx---o-o;1
x--x-o---;149
-o-x---ox;-24
xooxoxxxo;1
ox-oxoxox;-1
-oxx-oxo-;-2
---xxo--o;-10
o-xx-oxxo;0
xoo-x----;-45
-ooxxx---;1
o---xo-xx;6
-x-o-oxox;-2
-xxooxo-x;1
ooxxxx--o;1
x-oooxoxx;1
-xoox-xox;1
-xxo---xo;2
ooxo---xx;-2
oxo-oxx-x;1
x-xo-o-xo;-3
--xoxxoo-;1
xx----oxo;6
oxo-xxxoo;-1
xx-o-xoxo;2
xx--ox--o;5
--x-ooxox;4
---x-o-x-;136
xox-oxxoo;1
-o--oxoxx;-1
o--o-x-xx;0
xoox-x-xo;2
xox-xooxo;0
o-xo-xxo-;-4
--o-xx-xo;10
o--xox---;38
-xx-o-oox;-4
---x-oo-x;-42
x---oxo--;12
oxx-ox--o;1
x-xxxoo-o;-1
oox-xx-o-;-3
-xooxx-o-;-2
xxx--o-o-;1
xxox--o--;-11
x---xx-oo;3
oxx--x--o;-11
xxooxo--x;1
-oxxxoox-;0
xxoxoo-ox;-1
oxxx-o-ox;0
xo-o----x;-41
x-x----o-;117
x-o-ox-x-;1
---xooxxo;1
-xo---xox;8
oo-x-xxxo;-2
xxo--o-xo;1
ox-ooxxxo;1
-xo---oxx;-2
x-oxxoo-x;1
ooxoxxxxo;1
xo----oxx;9
-----o-xx;113
xx-oooxox;1
x-x--oxo-;7
xooxo---x;1
xx-o--xoo;-3
-oo-xxo-x;-2
xxoo-oxxo;1
o--xx--xo;10
xxoo--xo-;-2
x-oxxooxo;1
----oxxox;-1
-xx-oox-o;1
xxox----o;-9
-ooxx-xox;0
oxoo-x-xx;0
oxoxo-x--;0
xoo-x-oxx;1
xoooxx-xo;0
ox-xo--ox;-2
-xxxoxo-o;-2
xxoooxx--;0
xx--xo--o;0
o-o-xxox-;0
-o--xxoxo;-3
x-xxo-o-o;-1
xo-xoxo-x;-2
xxoo-o-x-;1
x-o---xox;10
-x---x--o;32
ox-x-o-xo;1
x--o-xxo-;8
--xox--o-;-35
xooxox---;1
---o--x--;-1292
oxo--x---;-20
x---ox-ox;-5
o-x-x-oox;-1
xoxxxooox;1
---oxx-xo;9
-o-xo-xox;1
xx-ooxxoo;-1
oox--oxx-;-4
xo--xoxo-;-3
o-o-xxxo-;-1
ooox-xx--;1
xo-xoox-x;1
o--xxxo--;1
x-o--ox--;-15
xoxo-oxxo;-1
x-xoo-xox;-2
x-xx--o-o;-1
ox-xox-ox;1
-oxox--x-;9
ooxox--xx;0
--xxo-oox;-3
x-xxoo-o-;-2
oxx-xo--o;-4
ox---xo-x;-1
-xox-----;32
-oxox--xo;-3
xxxo-o---;1
--xoxxo--;-5
-xoxoxoxo;1
-oxo-xxo-;-2
--oxxxxoo;1
x-x-oox--;0
-o-oxxo-x;-2
---xxox-o;4
--x-----o;-700
-x-x--oxo;1
xxxxooo--;1
o----xxox;1
oxx--ox-o;-1
--xx-ooxo;-4
ox-x-x--o;-2
o--xxoxxo;0
xxo-x-o--;6
---ooxxx-;5
-oxo--xx-;10
-x-oxooxx;1
-x---xo--;-48
o-x-ooxxx;1
x--ox-xoo;-3
xxoo--oxx;0
-oox--xxo;1
o-oxx-o-x;-3
-ox-x-oxo;-2
oxxoxx-o-;0
--ox-xx-o;6
xxx-xo-oo;1
--xo-o-xx;-1
-xoo-xxox;0
o-o--xxox;2
-x--oo--x;-4
o-o-xxxxo;0
-x-x-oo--;-28
x-x-ooxox;-2
-------x-;4056
oo-xx-o-x;-1
o----xo-x;3
o-----xox;-20
oxxx-oxo-;1
o--ooxxx-;-1
--oox-xxo;-1
-xo--o-xx;6
xxooo-xx-;-1
-ox-xox--;1
--xxoo---;-32
--x-o-oxx;1
-oxxx--o-;14
x-oo-xxo-;-2
-oxo--x-x;7
x-oo-x-ox;-3
o-o-xxx--;3
-oxxxoo-x;1
-ooxx-o-x;-2
x-xo--oxo;-3
xxoooxxxo;0
-xoxxoo--;-3
o--x-ox--;-20
xoxo--o-x;-4
-xxxxo-oo;0
ox--oxo-x;1
xoxxo---o;-1
-xo-xo-ox;-3
xxo--oxox;2
x-x-ooo-x;-1
xo-o-o-xx;-2
o--x-oxx-;1
--xxo-x-o;-2
xxo-xxooo;1
-xoxxooox;-1
--xoxox--;1
-xo----ox;-42
o--o-x-x-;-6
-o-oxxx--;9
--o-o-xxx;1
-ox--o-x-;-56
x-o-xxoxo;2
xo-xx-oox;1
--xxo-o--;-16
-xoooxxx-;1
xxooxooxx;1
xo-oxxxoo;-1
xoooxxox-;-1
-xxxoxooo;1
xooxxx-o-;1
oxxo--x--;5
-ox-x-xo-;1
oo-x--xx-;-1
xxxoo-ox-;1
--xo-xx-o;9
x-o-xxo-o;-3
-x-oxx-o-;0
xoxx-ox-o;1
o----x-ox;-23
xx-o---ox;10
--o--xox-;0
---oox--x;-27
xx-oo-xxo;-1
--xxooox-;-2
xxx-o-oxo;1
x-o-xxo--;14
o-o-oxxxx;1
-o--xox--;-35
xoo-xxox-;2
xxoo-xxo-;0
-ox-x----;269
xxoox----;10
----oxxxo;-3
--oxox-ox;4
-xooxx-xo;1
o--oxxx--;9
----xx-o-;197
--oo-xx-x;9
xooxx-o--;-4
xx-oxxoo-;0
o-xx-oox-;-2
-xxo-ox--;4
x-xooxox-;2
-xxxoo-o-;-3
---oxxxo-;13
-oo-xx-x-;3
xoxo-x-o-;-3
xxxxoooox;1
o-xx-o-x-;8
-xo-x-xo-;4
--ox--o-x;-16
--o-xox-x;10
ooxxoxx-o;1
oo--ox-xx;-2
ox-ox----;-25
oxxoo-xox;-1
oxxx---oo;2
o--xxo-ox;-2
ox---xx-o;5
oxo-xx---;10
oo-xox--x;1
xx-o-oxox;0
xox-xx-oo;0
x-o-o-x-x;6
-ooxoxx-x;-2
oox-o-xx-;-1
--x--x-o-;69
xxoxoxo-o;1
oxxxxo-o-;1
-o---x--x;69
-ox-ooxxx;1
-xxx--o-o;-1
-xx-ooox-;-1
-xx-oo-x-;-5
o-xx-xxoo;0
oxxxooo-x;0
-xo---xxo;-5
oxxxooox-;0
oxxo-oxxo;-1
-oox-xo-x;1
-x---o--x;184
-xox-x-oo;-3
-oox-x-xo;-3
xo-oxx---;13
--oxo--xx;-2
o-oxo--xx;1
xo-xxxo-o;1
-x-ox--xo;1
xx-oox-ox;1
xo-ox-xox;1
xx-xxoo-o;-2
-xxo--o--;-1
oo-xx-xo-;-2
-o-oxxxox;2
-xox--oxo;1
-xx-o--o-;-27
oxo-oxxxo;1
oooxxox-x;1
---oxooxx;-2
xx-o-o--x;4
x-xooooxx;1
xooxx-oxo;-1
oxox--xox;0
xxooxxxoo;0
x-x-o-o--;-23
xo---xxo-;7
x-oxox-xo;0
x-x-o-xo-;0
o--x-xxoo;-1
xoo-ox--x;2
ox-ox--x-;1
---ox--xo;-39
o-ooxxxxo;-1
xxoxoo---;1
xo-xo-o-x;4
--xo--xo-;-41
x---o--x-;32
--xx-o-xo;12
ox--x--o-;-32
o-o-x-xox;2
oxoxoox-x;-1
oo--x-oxx;4
oxox-o-x-;-3
xoxox-xo-;1
-xx-o-x-o;-2
xxxoo-o-x;1
-oxxox---;-5
xoox-xo--;-1
-o-ox---x;-35
-x-x-xo-o;-9
x--o--x--;124
oxxox--ox;0
-ox--o--x;-38
xo-x-x--o;6
ox--xo-x-;1
-oo-xx---;-25
-ox---xxo;9
-oo-x--x-;-10
oo-xx-x--;4
x---oo-xx;-5
o--x-ooxx;-2
-xo-x-x-o;3
x-ox-xoox;0
x-oxoxo--;1
-o-ooxx-x;-2
x--ox-xo-;14
-xox-o--x;12
xo-o--x-x;6
ox---xoxo;1
----xoxo-;-45
-oxx-xoxo;1
o-xo--xxo;-1
x-x--o--o;-45
xx-x-ooox;2
xxx--oxoo;1
oxx-xoo-x;-1
-ooxx---x;4
o-ox--x--;20
ooxoxxxox;1
xoo-xoxxo;1
o--x-xox-;1
xx-o--xo-;9
xoxooo-xx;1
-x-oox-x-;-4
x-oxo----;7
o--xx-x-o;6
o-oox-xx-;-2
xx-o--ox-;6
xo--xox--;11
--x-o-x-o;12
oxxxoxo-o;1
----x--o-;-1470
ox-x----o;0
-oox-xx-o;-2
o-xoxo--x;-1
xxooxxoox;1
---x--oox;-50
-o-xxo-ox;-5
xxxoox--o;1
---xo-o-x;2
-x-o-xx-o;8
x-o-xox-o;1
-xo-o-xx-;-3
-x-x-oxo-;9
oox-x-o-x;-1
--xoox-xo;0
oxx-o----;26
x-xoxoox-;2
xooxx--ox;1
xx-x-oxoo;1
-x-xoox--;5
oxxxxoo-o;-1
-x-xoox-o;1
-x-xox-oo;2
xoxo-x--o;-2
ooox---xx;1
-x--ox---;-28
x----o-x-;104
-x-xo-oox;-2
oxo-o-x-x;-3
o--x----x;136
xo--xo---;-45
-xx-o-o-x;6
--x-xo-o-;-45
xo-x-o-x-;9
-ox-xx-o-;11
oxxxxoxoo;1
-ox-----x;197
xx--ooo-x;1
o-ooxxoxx;1
-xo---x-o;-4
-xxoo--xo;1
xx-o-oxo-;-3
-ox----x-;264
-x--x-o-o;-1
xo-xx---o;6
-ox-xoxox;1
xoxo-oxox;-1
-xoxooxx-;0
-o-o--x-x;-35
ox--o-xox;-2
xx---x-oo;3
x--oxxxoo;1
-xxxo--o-;5
--x-xxoo-;0
xox-xxoo-;0
--x-ox-o-;3
ooxx-ooxx;0
----o-x-x;57
xo-ooxx-x;0
-x-ox-xoo;-3
--o-xx--o;-39
xoxoxxxoo;1
x-xoxx-oo;0
--ooxxxox;1
x-xo-x--o;9
oo----xxx;1
x-oo-x-x-;8
xo--x--o-;-51
xxooxxo-o;-1
x--oxxo-o;0
o-oxoxxox;0
--ox-x--o;-15
-ooox--xx;-2
x----xxoo;13
oxx-ooxox;0
--xoo---x;-1
xo---ox--;-35
ooxx-o-xx;1
xxoo----x;1
oxox-xx-o;0
xoox-xo-x;0
xo-oxxxo-;2
o-xoxx-xo;0
-xx--oxo-;10
ooxxxxxoo;1
---oxxox-;3
oo-xxooxx;0
xoxx-o-o-;-3
xo---x---;184
oxo-x-o-x;-3
o---x-x-o;-41
-xoo--x--;-28
o-xo-oxxx;1
-o-xo-x-x;0
o-x--x-ox;1
-ox-oxxxo;-1
xx---xooo;1
xo-xx-o-o;-1
--ooxx-ox;-3
ooo--xxx-;1
oox-xx--o;-4
oxxo--xox;2
ox-x--o--;-20
-x-----o-;-1258
o-ox-xox-;1
-oxxoxox-;1
xxo-o-xo-;-3
-x--ooxox;0
x-ox-oxox;1
xx--xoxoo;0
ox-xxooox;0
x-ooxoxxo;1
----xoo-x;-39
-xxxo-o-o;1
xooxo-oxx;1
ox-oxx--o;-3
xo---xx-o;9
oxox-ox-x;1
o-x---xxo;2
ox-x---o-;-26
xo--xo-x-;9
x-o--xoxo;-2
--x-oo-x-;-4
xoxoo---x;1
o-x-ox-x-;-2
oxoxxoo-x;-1
xxxoxooxo;1
-x-xox--o;-11
-oxxox--o;4
-x-xooxo-;-3
-o-xooxxx;1
-xo---ox-;7
o---x--x-;105
xoxooxox-;-1
-xxx-oo--;9
--x-o-x--;-48
-oo-ox-xx;1
xoxox----;14
xx-xoooox;-1
-ox----xo;-42
-xoo---xx;2
-x-oxox--;14
-o--xxxo-;14
ox-x-o--x;8
--xo--oxx;-1
-xo--ox--;-18
x-o--o-xx;6
x-oxx-oox;1
oxx-ox-ox;1
xoxxoxoo-;1
-oox-x-ox;1
x-xxo-oxo;1
--xoo-x--;6
xo-oxo-x-;-5
-oxo--oxx;-3
-oxox-xox;1
-o-xoxxxo;0
-oxxxxo-o;1
oxxooxxox;1
o-xx--o-x;9
-xx-xoo-o;-2
xoxx---o-;-1
-ox-oxxo-;1
----oxxo-;-4
-xx-oxoo-;-2
xoxxoo-ox;1
oox-x--x-;9
o-ox-oxxx;1
o-xooxx-x;1
xx-oxoxoo;-1
-ox--o-xx;9
xxoxx-ooo;1
-xox-oxo-;-1
-o-xo-oxx;0
---xo----;214
xoo-oxoxx;1
-xo--o--x;-50
xxx-o---o;1
oxx-xoox-;1
o-o-oxxx-;1
oo-ox-xxx;1
xx-oo--x-;-5
--xoxo-x-;14
oxoxo--xx;0
-ooo-x-xx;-3
xo-x-ox--;1
xxooox---;2
o--xxoxo-;-3
xo-x--oxo;-2
-x-ooxox-;2
xoo-o-x-x;-2
x-x-x-o-o;-1
xx-ox-o--;11
xx-oo-xo-;-1
xxo-xxo-o;0
--ox-xo-x;-2
xxoxx-o-o;-2
xoxxx-ooo;1
-xx-oox--;-5
-oxoxxox-;-1
xoooxoxx-;-1
-ox-oxoxx;1
------xo-;-1292
--x-oo--x;8
-xxxooxo-;1
oxox-----;-20
-x----oox;-50
-x--o-xxo;-15
xoxoxx-o-;2
x-o-oxx--;9
o--x--oxx;0
x-xo-xoxo;1
o-xx-xo-o;1
oxox-ooxx;-1
xxo-o----;26
xo--o-xxo;-3
x-oxxo-ox;1
xo-oo-xx-;-1
o-oxx-oxx;0
o-xx---ox;9
-oox-xoxx;-2
x-----x-o;149
xxxo-xoo-;1
-ooxxoxx-;-2
x-xoo-x--;-5
--x---oox;-45
----o--xx;-3
xx---o--o;-1
x-o--x-xo;8
o-xxo-ox-;0
xxo-x-o-o;1
o-oxx---x;3
--xo--xxo;1
-x--oxxo-;8
xo-o-x---;-56
-oxox----;-45
o--o-xoxx;1
xo-o-xoxx;2
---oxo-x-;-51
oxo----x-;-15
ox-xxoxoo;-1
x--xo-o-x;-7
oooxx---x;1
xo--oo-xx;-1
o-xxxx-oo;1
-oo-xxx-o;-1
xxxx-oo-o;1
-o----xx-;149
-xoo-xx--;8
xxo-----o;20
-xooxo-xx;1
oxoxo-xxo;1
--o-xxx-o;9
o-xx--oxo;-2
oox--xxo-;-2
oxoxoxox-;1
-xx-xo-o-;10
-x-oo-xx-;-5
xx-oo--ox;-1
-x----xoo;-50
o-xox-xox;1
---xo-x-o;7
x---x---o;104
oxxo---x-;-9
xx-ooox--;1
oo-xx--ox;-3
o--xoxo-x;-1
xxoxo-o--;1
-xxxo-xoo;0
--oo---xx;-17
xo--x-o-x;1
xooo-x-xx;2
xx-----oo;-9
o-x-xo-x-;10
--oxox-xo;2
o-xoxxxo-;1
x-xoxoo--;-4
x-oo---xx;6
--o-o--xx;7
-x-ooox-x;1
-x-o-x--o;-28
--ox-x-o-;-11
xxx-o-xoo;1
o---xxo-x;0
oxoxoxo-x;1
xx-ooo-x-;1
xx-o-o-ox;-2
x---oox-x;0
x-oox-xxo;-1
oxx-xox-o;1
xx-o-----;113
ox-xxo-ox;0
xox-o--ox;1
-x-xx--oo;-1
xx---o-ox;14
o---oxxx-;-2
x---xo---;189
x-xooxxoo;-1
xoo--oxx-;-2
x--ooxxxo;0
x-----xoo;-45
o---x--ox;-34
-xoo-x-ox;-2
--oo-xxx-;9
-ox---xox;4
ox--o-xxo;1
-x-o-x-ox;9
xooo-xoxx;-1
--oooxx-x;-3
ooxx----x;13
--x-ooxx-;-1
-x-oxxoox;0
xx-xo-o-o;1
-o--x-xox;10
xoox--xox;1
ooxx-xx-o;0
x------o-;-966
-xx-oo---;5
oo-oxx--x;1
oox-xxo--;-2
o-xxxo-xo;2
-xx-xoxoo;1
-x-x-o-o-;-40
-xxo--xo-;14
oxxo-x-ox;1
oo--x-x--;-17
xxx-oo---;1
xxo--xo--;-3
-xxx-ooxo;2
xxxxo--oo;1
-ox-xxoox;1
o-xxxoo--;-2
--x---o--;-716
oxo---xxo;1
xoox-x---;6
--oooxxx-;-3
o---xxoox;-2
ooxx-oxxo;-1
--oox--xx;7
oxxxxooo-;0
oxoxxoxo-;0
x-o--oxox;-4
---xxooox;-3
x-oxxoxo-;1
x-o--ooxx;-1
o-oxoxx--;4
---xxoox-;9
-ox--x-o-;-15
x--oxx-oo;0
ox-xoxo-x;0
-xx-ox-o-;6
-x-ox-o-x;4
xx-o-x-o-;9
---x--x-o;45
xox---xoo;-2
xxox-oxo-;1
x-xoo-x-o;-1
x-x-xo-oo;-2
x---x-oo-;-17
-xo----xo;17
xxoo-ox--;2
-xx--o-ox;9
ooxo-xxxo;-1
x-oxox-ox;-2
oo-x--x-x;-1
x-o--o-x-;0
oxox--x-o;2
-ooxox--x;6
oxxo-xo--;1
-ooxxxxo-;1
oxxoxoxox;1
---ox-x--;269
xx-xoo---;6
o--ox---x;-12
o-oxoxx-x;-1
x-xoxxo-o;-1
-o--x-x-o;-29
ox---oxox;-2
oox-----x;-45
oox--xx-o;-1
x-xoxxoo-;0
xx-ooxox-;0
-xx--xo-o;-9
xo-xoo--x;-1
xxo-xo-o-;-1
ooxxx-ox-;1
x----o---;-966
x--o--ox-;-50
xoo-x---x;1
oxox--xo-;-2
-ox-xxxoo;1
x-x--x-oo;-1
oo-xx-x-o;-2
xo-xoxoox;1
-o-xxoxox;2
x-xxo-o--;1
xo-o--xxo;-2
o---xxoxo;-2
-ox--x--o;-8
-xo--x-o-;-26
x--oxo---;-51
-xo--oxx-;0
oxxxxooxo;1
xxxo-oo-x;1
-oxoxo-x-;-5
--o-oxx--;-16
x-xoxo-xo;2
---xx-xoo;11
oo---x-xx;0
xo---ox-x;7
xoxoo-xox;1
ooxoxx---;-2
oox-oxxxo;1
o-x----ox;-39
-o--oxx-x;0
xoox--oxx;0
ox-x--o-x;8
x---x-oox;1
oo-x-xxo-;1
xox-xoo--;-3
x-x-o-oox;-2
-ox---o-x;-39
-x--oxox-;-11
oo-x-o-xx;-1
xxox-xooo;1
-oo---x-x;-15
xo-o-xxox;0
-xxx-oxoo;2
------oxx;-28
xo-xooxx-;1
-----oxox;-38
oxoxoxx-o;1
ox-o-x--x;3
xo--xo--x;1
--oxxo--x;9
-x-oo--xx;-9
xo--o-oxx;0
-----xoox;-33
-o-oxo-xx;-4
xoxx-oo--;-2
oxox--o-x;-2
-xxooxxo-;2
-x---oo-x;-22
o--x--ox-;-20
-ox-xx--o;10
-oxx--o-x;9
oxxo-ox-x;0
oxoxox---;4
x-xxoxo-o;-1
--xoo--x-;6
-o--oxxxo;0
x-oo----x;-27
xooox-x-x;1
-ooox-xx-;-1
-x-ox---o;-29
----x-x-o;177
xxxo-o-xo;1
o-xxooxox;0
-oox-oxxx;1
xxxoxoxoo;1
oox-xo--x;-3
-oo-xx-xo;-1
x-ox-oox-;2
-xo------;-522
-oo-xoxx-;1
xxo------;-28
-xo-o---x;2
x-xo-ox-o;-2
o-o--xx--;-4
x-xo-xo-o;-1
--xox-oox;-2
xo--x--xo;4
ox-o-xxxo;0
xx-o-ox--;-1
o-o-xx-xo;-2
xoxox-x-o;1
--xo----x;117
x---xxo-o;3
x-oox-x-o;2
--o-x----;-1038
---xoox-x;10
x-o-oxxxo;1
x----xoxo;8
-xooxxo-x;0
o--ox--xx;0
oxox--x--;0
xoxxo--o-;1
oxxox-xo-;1
xox-xxooo;1
x--o--xxo;-4
oox-ox-x-;-1
ooxxo-xx-;0
oox-xxxo-;1
xo-xx-oo-;-2
xo-oo-xxx;1
x-oxo-xxo;1
ox---x---;32
ox-xox--o;1
oxxxo---o;1
oooxoxx-x;1
-oxxxxoo-;1
---ox-xox;14
oxxxoo-x-;-1
o--xxooxx;1
xxoo--ox-;-1
o-xo-xxox;1
oox-o--xx;-4
oxo--x-xo;-1
o-xo-x-x-;-1
x--oo---x;6
o-xxxo-ox;1
--x-oxoxo;0
o-xxoxxo-;-2
--xx-ooox;-4
o-o-x-oxx;1
-xoxoxo--;1
-ox-oxx-o;4
-x-xo-ox-;-7
xxx-oo-ox;1
x-xxxooo-;0
xxooxoxox;1
--xxoo--x;4
o-xxo--xo;1
o-xo-xx-o;-1
x--o-ox--;-16
oxo--ox-x;-3
-xoo-ox-x;-3
x-xxooox-;1
x--x-ooox;-5
----ox---;214
-o----x-x;117
-xoooxx-x;1
o--xo-x--;26
-x-o-o-xx;0
--xooxxxo;-1
o-x--oxx-;6
--x-oxxoo;2
-oo-xx-ox;-2
xxo--ooxx;0
--x-xo--o;-45
o-xx-xoox;1
-oxoox-x-;-3
---------;-53280
oxx-oxo-x;1
--xx---oo;0
-xoox-x--;9
xxo----ox;9
x-xoo-xo-;1
x-o-xo---;-17
x--xooo-x;0
oxx---oox;-1
ox-xxo--o;-3
-xoxxxoo-;1
--xo--x--;141
xxo-xoox-;1
x--xoox--;1
xx-o-ooxx;0
xx-o-o-x-;0
x----x-oo;-18
-xo-xoxo-;0
-o-ox-xox;-4
ox-xxo-xo;1
x-----xo-;197
x-x-oxoxo;1
-o---xox-;-28
--xxooxo-;-1
--x--oo-x;-20
oxoxxxoxo;1
xo-oox-xx;2
--oxoxxo-;-1
xx---oo--;-17
-oo-x-xxo;4
ooxx--xxo;0
-oxxoooxx;0
xx-o-xxoo;1
xxooxox--;0
x-x-ooox-;-1
xo--o-xx-;10
xoo-o--xx;-1
-x-oxo-x-;1
x-x---o--;149
--oxx--ox;10
---o----x;-966
--xxx-oo-;3
oo--xoxx-;-2
ooxxo-xxo;1
--xoxx-oo;-1
--x-oxo-x;1
ox-o-oxxx;1
xo---ooxx;-3
-x-xo--xo;-11
-oxox-ox-;0
-o-oxoxx-;-4
ox-o-x---;-16
oxo-xx--o;-4
xoo----x-;-50
----x-o--;-1038
o-x-xx--o;6
xoxxooxxo;1
o----x--x;21
o-oxxooxx;-1
x-o-xx--o;9
oox--x-xo;-2
-xx-oxoox;1
xox--oxox;0
xxo--o--x;5
-xxo-o--x;-1
-xo-xx-o-;9
xoxx--o-o;2
--xo-ooxx;2
-oxoxx-xo;1
-xoxoox--;-3
ox-oo-x-x;-3
-xox----o;18
x--oox-ox;-1
oxo--xxxo;0
-xx-ooxo-;-1
oxxxoxoox;1
oxxoooxx-;1
-xxoxo-xo;1
x-o-xooxx;1
ooxoxoxxx;1
xoxxox-oo;1
o-xo----x;-15
ooox--x-x;1
oo-xx--xo;-3
oxxooxxo-;-1
---xx--oo;-15
xxoxooo-x;1
o-xoxox-x;1
-x--xxo-o;0
---o-xoxx;-1
-o-xxoxo-;-4
xox-ox--o;2
x-o-xo-xo;1
xx--x-ooo;1
-x---xoo-;-6
-x--xxooo;1
-o-x--o-x;-22
x-o-xxoox;1
xoxx---oo;1
xo--ox-ox;1
-ox-x-oox;-4
xo-ox-oxx;1
oxooxoxxx;1
o---xx-xo;10
ox--xx-oo;-3
x-x-oox-o;-2
o-x-xxoo-;0
xx-oxoo--;-3
--ox-xox-;-2
xoxxoo--x;-1
-x----o--;-196
x---xoxoo;-2
ox----ox-;17
xoo---oxx;-1
x-ooxox-x;1
-----x--o;-522
o------x-;-196
-x--ox-xo;-7
-xoo--xx-;6
-oox-oxx-;0
--xo-x-xo;0
-xoo-xx-o;-2
x-----oxo;-32
-xx--ooxo;-4
oxo-ox--x;0
-o--xxox-;5
ooxoxx-xo;-1
oo-xxox-x;0
xo-oxxoxo;0
xoxoo-xxo;0
o----xx--;80
oxxxxoo--;1
o--ox-xox;-3
--oxo--x-;24
xxo-xoxo-;0
---xoo--x;-32
xoxoxxo-o;0
oxxx-oxoo;-1
--x--o---;-1292
o-xx-xoxo;0
x-x-xoo--;10
-x-oox-ox;-3
oxxx-o-xo;0
x-oxo--xo;1
xo-ooxxx-;1
-----xx-o;160
--oxo---x;12
-oo-x-xox;-1
x-o---o-x;-9
-xx-ooxox;-1
o-o-xx--x;-5
-oo--xx-x;-1
oxxoo--x-;6
xx--o-oxo;-1
-oxoxo--x;-4
xoxo--xxo;1
-x-xooo-x;0
x--oxox--;10
xoxoxox--;1
-----ooxx;-8
x---ox---;32
-x-xxo-o-;0
xo-oo-x-x;1
-x--oooxx;4
xoo--xoxx;0
-o-x-xoxo;-3
oxoxox--x;-1
xo--oxxo-;1
o-oo-xxxx;1
oo-xxo--x;0
xo-o-xx-o;-2
ox--ox-xo;1
x--xx--oo;0
oox-xxoxo;-1
o-oxoxxxo;1
ooxxxxo--;1
x--o-x-ox;10
x-x-xoxoo;1
--xoxx-o-;6
o-x---xo-;-27
xxox-oo-x;0
-xx-oo--x;-1
xoox-----;-33
oxoox---x;-1
---o-ox-x;-31
oo--xxxox;0
---oo-x-x;-9
xx-xoo-ox;2
xoxoxo-x-;2
x-x-oo--x;-5
oxxox----;4
x--o-x-xo;8
-xxx-ooox;1
ox-ooxxx-;0
-x--x-oox;9
-xoxxo---;3
-o-xxxoox;1
xo--ox---;-4
ox--ox--x;5
-oxxxooxo;0
-x-x--oox;12
x-o-ox---;2
xo-xoxoxo;0
o---xox-x;10
ooxo-xxx-;2
ooxx-xxoo;-1
ox-x--ox-;1
xoo--x--x;5
-ox-oox-x;1
o-xxxooox;0
x-xxo--o-;0
xxoxooxox;1
-x--o---x;32
--o-x--xo;-9
x--xo-ox-;-3
o-ox-x-xo;1
ooxx-x--o;-1
x-ooxo-xx;1
ox----x-o;-16
ooxoxxx--;1
oxx-xxo-o;-2
-ox-o-xxo;0
oxoxx--xo;1
ooxoxx--x;1
xoxo-xo--;-3
------ox-;-522
xo--oxox-;0
xxxo-ox-o;1
ooox-xxxo;1
-x-o-o--x;-24
-oxxxo--o;-3
x----oxox;6
xox-x---o;5
x-oo-xoxx;0
o-ox-x-x-;-9
xoxox-ox-;1
o-xxxo--o;-5
x--xo----;-3
-oox-ox-x;-2
o-xxox---;-2
o-xxo-xox;-1
xo--xoox-;-3
-o-xoxox-;0
-xoxx---o;0
x-oxoox-x;1
-ox-xxoo-;-2
--xo--o-x;-15
xx--o--xo;-3
-o----x--;-966
-x--o-ox-;38
ox---xxoo;-2
---xo-ox-;16
xoxoxxoo-;-1
-xxxoo-ox;1
ox-----ox;-38
xoo---x-x;11
--xo-xo-x;1
ox--xxoo-;1
o-xoo--xx;0
oxooxx-x-;1
ox-xo-ox-;4
xoo-oxxox;1
o---o-xxx;1
---x--oxo;-20
--oxox-x-;-11
ox--oo-xx;-1
-xo-oox-x;-3
xo-x-o---;-39
---ox---x;189
o-x--ox--;-27
ox--x----;185
xo-xo----;5
xoxo-x-xo;0
o-x-o-x-x;6
o-xo-ox-x;-2
ooxxo-oxx;-1
oxxx-o---;4
xooxxox--;1
--ox--xo-;-23
--xx--o--;136
xxo-xo---;4
oo-x-x---;3
x--xxoxoo;1
xxoo---x-;-3
xo--xxxoo;2
ooooxxx-x;1
ooxxox-xo;1
x---o--ox;6
ox-x-o---;-26
oxx--xo-o;6
xo---x-ox;4
x-ooo-xxx;1
oxxooxx-o;1
----ooxx-;3
xxo-oooxx;1
o-oxx-xo-;-1
x--oox-xo;-2
o-xxxoxo-;1
oxx--ox--;1
-xoo-xxxo;1
ox-x-xxoo;0
xooo-x--x;-5
ooxxx---o;-4
---o--oxx;2
-oo---xx-;-9
x--o-oxxo;2
-o-x-----;-788
xx-oxoxo-;2
-ox--oxxo;-5
oxoox-x-x;1
o-o-xoxx-;0
o-xxo--x-;1
ox---xxo-;8
-x---oxxo;-9
x-o-o-xox;-1
x-oo-xx--;8
-ox---x-o;-27
o--xoxxo-;4
-xox--xoo;-3
-oxxoox--;-3
oxoxx--o-;-3
-oxxx-o-o;-1
-x--xo-ox;13
-oo--xx--;-18
-ox----ox;-31
ox-x-oxox;0
o-x---x-o;-9
oxo-oxxx-;0
--o-----x;-700
--xo--xox;6
o-----xx-;45
-xxo-oxo-;-2
xo-oxoxxo;-1
oxxoxxxoo;1
--oxx--o-;-29
-x-x-ox-o;-1
xxoxxooox;1
-o-xo--xx;5
oxoo-xxxo;-1
xox--o-xo;-4
x--oox---;-32
x-x-xooxo;1
oxox---xo;1
o-xoxx-ox;1
x--ox----;269
-xxoo----;3
o--o--x-x;-45
oxxoxo---;-2
o---xxox-;0
xxo--x-oo;0
-oxo-xoxx;1
-x--xo---;197
ox--xooxx;1
oxxoxoxxo;1
-o-x-oxx-;10
x-oooxxx-;1
-x---o-ox;-56
x--ooxxox;-1
oxxo-x---;-1
x-oo-xox-;-2
xxxo---o-;1
-xxxo-o--;5
-xoxoooxx;1
-o--ox-x-;-20
-xxooxo--;-2
xxoo--x--;-4
--x-oox-x;-5
--o-oxxox;2
-x--x-oxo;1
-oox-xxo-;0
ox-xooxox;0
ooxxxxoxo;1
ox--xox-o;-2
-x-xoo-x-;-4
o---xoxox;-3
xxx-o-o--;1
xxxo-x-oo;1
o-oxxoxx-;-2
o--x--xox;-4
x-ox-o-x-;-1
x-xox-oox;1
xx-oox-xo;1
-ooxox-xx;-2
xo--o-x--;-9
x-x-o--xo;9
---o-x--x;149
x-xo-ooxx;0
xox-o-xxo;1
--ox---xo;18
o-x---o-x;-7
xxxx-ooo-;1
ooxx--xo-;-1
xo---oxx-;10
oxoxooxx-;-1
--x-xxooo;1
ox-ox---x;3
---xooxx-;6
oox----x-;-50
oxx--o-ox;-2
-o-xxoo-x;-3
-x-xx-o-o;0
-x--x-xoo;9
x-o---x--;149
-o-ox--xx;6
--oxox---;38
oox-xxx-o;1
x-ox-ox--;1
xox--xoxo;0
-o--xoxxo;-1
ox-xx-o--;10
xo-x-xoxo;1
xx--x-o-o;0
-oxo---xx;10
x-xo-x-oo;-3
-x-oxoxox;2
--x-x-oox;10
-o-ox-oxx;-1
-o-xxox--;6
xx-o-xo-o;-3
o---oxx-x;6
--xo---ox;-35
xoo-o-xxx;1
oxx-xxooo;1
o-ox-ox-x;-1
oxx-oxo--;1
xxo-o-x-o;-1
--o-xxxo-;9
oxoxxx-o-;1
-ox-xoox-;-2
xooxoxox-;1
oo-o-x-xx;0
ox-ox-xox;1
---x-o-xo;-16
-xo-oo-xx;1
--x-oooxx;2
x-xo-xoo-;-2
xxoo-ooxx;-1
ox-x-ox--;0
xxox-ooxo;1
oo-ox-xx-;-2
oxx--xoo-;1
--x--ox-o;-33
xoxooxxxo;0
----xoxox;14
o--x--x-o;8
ooxox-xx-;1
ooxx-x-o-;-2
o-o--xoxx;6
o-o--xx-x;-1
x-oo-x-xo;-2
--xoxx--o;1
--o---xx-;21
ox-o-oxx-;-2
-xoxxo-o-;0
ox-xoxoox;-1
xo-ox-ox-;-3
oxxo-xx-o;0
o--x---x-;32
oxoo-x-x-;-3
-xxxooo-x;1
oo----xx-;-13
xoo-oxx-x;0
xx-xo---o;2
xoxooxx--;-1
xoox-xoxo;-1
o--xoo-xx;-3
-xo-xxoox;2
ooo--x-xx;1
xo----xo-;-31
-x--ox-ox;5
x--o-xo--;-50
x--x-o--o;-9
xx-oxx-oo;-1
xx-o-o---;-15
-xoxooxox;-1
--o-ox--x;26
-xo-o--x-;38
oo-xxoxxo;-1
oxo-o--xx;-1
oxox-o--x;-4
xxx-o--o-;1
-xx-o---o;7
x--xo-xo-;1
xxo-xoxoo;1
o-xo-x-xo;2
oxo--oxx-;-2
oo-xx-xxo;0
oxxoox---;1
-o-----xx;149
--ooxoxxx;1
xx-oxo-ox;1
-x-ooxo-x;1
o---xox--;-29
xoxxxooo-;-1
--ox--xox;1
-xxo---o-;-41
-xo-ooxx-;1
xo-o-xo-x;-4
xox-x--o-;10
xx-ox---o;6
--x----o-;-966
x-xox-o-o;-1
oo-xoxxxo;1
xx----oo-;-13
oox--xxxo;0
-xx-o--ox;10
xoo-oxxxo;-1
o--x-x---;-39
xx---o-xo;0
xx-xooo--;-1
oxoox-xx-;1
xox--oxxo;2
-xx-ox-oo;1
-xooxoxx-;1
--xo-o-x-;-24
-oox-o-xx;-3
-o-o-xoxx;-3
xox-x-oxo;0
x-o---ox-;-16
xooxo-x-x;1
x--ooxxo-;0
-x-oxx-oo;0
o-o-x-x-x;-1
-ox-xooxx;1
oxx-ooxxo;1
ox--ox---;14
xo-----xo;-38
xxoxxoo-o;1
x--xoxxoo;1
--o--ox-x;-45
-xxoxooox;-1
xxo---o--;8
-xx--oo-x;1
xox-xox-o;1
xo--o-x-x;0
---oox-xx;6
--xx-oxoo;-4
ox------x;136
x-xx-ooo-;-3
oo-ox--xx;1
ox-o-xo-x;1
-xxoxxo-o;-2
--oxx--xo;0
-x-oxo---;-51
oo--xox-x;-2
oxxoo--xx;-2
x-----o--;-700
oooxx-xxo;1
xxoo-xoxo;-1
ooxx-ox--;-5
-ooo-xx-x;-3
xoooxxxxo;0
---x-oxo-;-39
-x--xx-oo;3
--o-xx---;185
---x-xoo-;3
-xxo--x-o;6
ox-oxx-xo;1
oo--xxx-o;-2
-xox--xo-;9
xx-o--o-x;6
o--oxxxo-;-3
--xoo-xox;1
xx-xo--o-;6
oo-x---x-;-16
xoxo-xx-o;1
ox-xx---o;10
-o-oxx-xo;-2
---oxoxx-;11
x--oo-x-x;-5
-o-xx--xo;5
oxxo-oxox;-1
x-xx-ooox;2
x-ox-o-ox;-4
o-xox----;-17
x-o-----x;117
xo-ox-x--;14
--x-o-ox-;-16
o-xo--x--;-33
-xxoxoo--;-2
-xxo--xoo;-4
xoxx-oxo-;1
-xoxo--xo;6
--xooxox-;-3
---xooxox;-1
xo--xoxxo;0
o--xxo-xo;-3
o-xx-oxo-;-3
xox-ooxxo;-1
xxoo-x-xo;1
xo-x----o;-23
o-o--xxx-;-1
ox-o-x-xo;1
x-xo---o-;-35
xx------o;21
-xoo-oxxx;1
-xxox--o-;6
----ooxxx;1
xxo--o-ox;-5
-ooxxx-xo;1
o--x-o-xx;9
x-o-x-oxo;-3
--xoox-x-;5
xo-xo--x-;5
xxo--x--o;0
xx-xo-o--;-2
xxo-x-oo-;-1
ox-xoox-x;1
oo-x--xxo;2
oo-xoxxx-;-2
oxxxxooox;0
-xxxox-oo;-2
-xo-x----;185
oxo--xo-x;2
-xo-xxo--;10
xx-oo-ox-;1
-ooxxo--x;-1
x-o-o---x;12
xo-xoo-x-;-3
x--oxxo--;9
-x--o-o-x;12
ox-x-xo--;1
oxxxx-ooo;1
xo-ooxxxo;0
--xox--ox;11
-xxoooxxo;1
--x-ox-xo;-3
xoxo-oxx-;0
oxx-oooxx;0
--x--x-oo;2
-oxx-o---;-56
oo--oxx-x;0
xo-x-x-o-;0
-ox-xo-x-;13
-xo--xox-;-2
o-xxoo-x-;0
xxooox-x-;-1
-oxx-o--x;8
oxx--o-xo;-1
oxo----xx;6
xx--oo-xo;1
x-oxo-o-x;1
-o-o-xxx-;9
-xoo-xox-;1
o-xx-o-xo;-2
x--o-xoox;-4
xx-oo-o-x;1
--xoo-oxx;1
x-ooxxx-o;0
oxox-oxx-;0
xoooxxx-o;0
ooxxo-x--;2
x-xxo---o;6
xxoo-x--o;-2
-xxo-xoo-;0
-oxxx-oox;2
ooxxxooxx;0
--o--xxxo;0
---o---xx;69
xooooxx-x;-1
-x-ox-oox;-1
xo-oo--xx;-3
-ooxx-x-o;0
-xo--xo--;0
o-x-x----;177
-o--xxo--;-29
----x-ox-;185
xoo-xx-o-;-4
-xooxo--x;-4
xoxoox---;-1
o-o-xxx-o;-3
-o--x-xxo;1
x-xxoo--o;-4
----xo-xo;-25
ox--x-o--;-9
--xooxoxx;1
x---oxx-o;9
-o-xo-xxo;-1
o---xxo--;-1
xoxoo--x-;0
-o-xooxx-;-4
x-xo-xoox;1
xooxx-xo-;1
oxx---o--;20
ox---oxx-;2
--xxxooo-;0
xo-ox--xo;-2
-xo-xox-o;1
--oxxxoox;1
oxo-xxo--;-2
ooooxxxx-;1
xxoo-xo--;-2
xo-o---xx;14
x---xo--o;-12
xo-o-oxxx;1
xoxx--xoo;1
--oxxox-o;1
-oxxx-xoo;1
xx--xooox;1
xxxoo-x-o;1
x-x--xooo;1
x--ox--ox;1
-xo-xo-x-;1
ox-xox---;-7
oxx-o---x;1
xo-oxx-ox;1
ox-x-oxo-;-2
-xox-oox-;1
-oxx-o-xo;-4
x--o-o-xx;4
-x-o-o-x-;-1
--o-x-oxx;6
xx--o-x-o;6
--xox---o;-29
-oxoxoxx-;1
oxox-oxxo;1
o-xx-xo--;6
-xo--xx-o;8
-x---xoxo;1
o-oxxxxo-;1
xo--o--xx;5
-o-xx---o;-29
oxooxxx--;1
-xxo-oo-x;1
o-xoxx--o;-1
--o-o-xx-;-11
-o--o-xx-;-27
--ox----x;80
--oo-x-xx;1
x--x-x-oo;0
oxx-ox---;-2
oxxoxo--x;0
xox-xo---;14
oxoo---xx;-2
-xoxx-o--;10
-xoxo--x-;-11
o-o-xox-x;-1
-x-o--x--;184
x---x--oo;-12
-o-ox-xxo;-3
-x-oo-oxx;6
x--x-oxo-;1
ox--xxoox;0
oxx-oo--x;2
-xx-oxo--;2
-xoo-xoxx;-2
---oo-xxx;1
o--o-xx--;-50
x--xo--xo;5
x----oo-x;-27
o--oxoxxx;1
-xooox-x-;0
ooxxo-xox;1
-o--x-x--;189
oo-xxoxx-;0
ox--oxox-;6
-oo-xo-xx;-2
xxo--xo-o;2
oxxo--ox-;1
-xox-o-x-;-1
xox--x-oo;2
x---xxoo-;4
ox--xx-o-;5
----ox-x-;-28
xo-xox-o-;1
xo--x----;269
o-xxox--o;1
-o-o---xx;-41
x-oxxo-o-;-2
-xxo----o;-17
x-o----x-;80
--oxx-ox-;10
-x-xo-o-x;1
ox-xoo-xx;1
-xoxxx-oo;1
--x-oxo--;-11
-ox--oxox;-1
-xo-xx-oo;-1
o--xxx-o-;1
-x-xx-oo-;3
x--o-x--o;-38
x-o-xo-x-;4
xoxxox--o;-1
xxoxoo-xo;1
xx-o-ox-o;1
---xoox--;-27
x-xxo--oo;0
-x-oxxxoo;1
-oxoxxx-o;1
ox-xo-xo-;2
xox---o--;-20
xxoox-x-o;-1
x-xx-oo-o;-1
-o-oxxxo-;-5
--o-xo-x-;-15
-o-x-xo-x;2
xox-oxo--;-1
oxox-xoox;-1
o-xoo-xxx;1
--xx-oo-x;8
-xxx---oo;-1
-oxxx-oxo;1
----x--ox;269
xx-ox-oox;1
xo-o-oxx-;-3
oox-x-oxx;-1
-oxx--x-o;6
--xo---xo;-22
-oxo--x--;-29
o-x--o--x;-20
--xx-xooo;1
-o-ooxxxx;1
x--o--x-o;-20
xxx--oo--;1
-x-xx-ooo;1
ooxx-x-xo;0
-xoxx-o-o;0
-ooxo-x-x;0
--x-x-oxo;9
oxxxx--oo;0
xo-xx--o-;11
-ox-xoxxo;1
xox--x-o-;-1
x-xxoox-o;1
xo-x-o-ox;-2
xxx-oo-xo;1
x-ox-ooxx;0
-oxx-oox-;0
-----o-x-;-788
-x-oxo--x;14
xoooxx---;-3
ox-o--xx-;6
oxx---ox-;-5
xo--xox-o;-2
xo--o-xox;1
-ox--xox-;9
-xxo--o-x;0
oxoxxo---;-1
xo-o--xox;-1
-xxoxoxo-;1
o-xoxx---;4
xxo--o-x-;-9
--ox---ox;-22
-xxooox--;1
x-ox-o---;-13
-o--x-xo-;-51
ox-x-oxxo;-2
x--xoxoox;-2
xx-oxoo-x;1
-xoo---x-;-11
--xxxoo--;4
o-xoo-x-x;-2
-oxx-oo-x;-2
o-x-o-x--;12
----x-oxo;-39
o-ox---xx;-1
-x-x--o-o;18
-x-ooxx--;8
xx-xoox-o;1
o-xo---xx;0
o---xxx-o;14
-o---xx--;104
-xooo-xx-;-1
-xo-o-xxo;4
xxoooxxox;0
-oxoxxxo-;1
o--x-x-ox;6
o--x--o-x;-32
o-xxx-oo-;-1
-o--x---x;189
x-oxo-x--;1
xox-xo-xo;1
--ox--x--;21
ox-xoo-x-;0
x-xo-o---;-31
---xx-oo-;-25
-oxxoo--x;0
o----xxxo;-3
xox---oox;-2
ox--oxx--;1
-xx-xoo--;6
-xo-x--xo;1
--ooxx-x-;5
--xxox--o;-15
---xoxx-o;-2
oxoo-xx-x;1
x--oxo-x-;14
-o---xx-o;-22
x-o-x--ox;1
xxooox--x;-1
o-x-xox--;1
xooxox--x;-2
oxx-o-ox-;4
xxoxoxoo-;1
--ox-x-ox;-3
-xxxoox-o;0
-xo-o-x-x;9
o---x-oxx;-5
o--xo-x-x;1
-oxx-----;184
xxoox--ox;1
-xx-o-ox-;-3
oox-oxxx-;0
o-o--x-x-;18
-o-xoxx-o;1
xxo----xo;-5
xo---xoxo;-2
xooxox-ox;1
oo-oxxxxo;-1
--x----ox;197
-oxxxo---;13
xxo--ox--;-1
--o-x-ox-;-41
xooxooxxx;1
--oxox--x;-15
--xox-o-x;4
x-xoo-oxx;0
o-x--ooxx;2
oxoxo-xox;0
xxooxx--o;1
xx-o---xo;6
ox-xoxoxo;1
x-xox-xoo;1
o-oxx-x-o;1
-o-oxoxxx;1
-oo-oxxxx;1
x-xoo-o-x;-2
x-oox----;-39
x-oxoxxo-;1
--ox--oxx;-3
-xooxxx-o;1
-xox--o-x;5
xxxoxoo--;1
-x-oxox-o;-2
ox---x-xo;-2
xxooxx-oo;0
xx-o-x--o;9
xooxoxx--;1
xo-x-x-oo;0
xxoo-oxx-;-2
--x--ox--;141
----oxx-o;2
---xxooxo;-1
-ox------;-1292
x---oxxoo;-3
o-o---x-x;-7
o-x--oxox;-3
--ox--ox-;0
x-ooox--x;0
xoxxoo-xo;-1
oxxoxxo-o;1
ox-xx--oo;-3
oox-o-x-x;-2
xoxx-oo-x;1
ox--o-x--;2
oxxoo-x--;2
oxxxo-xo-;-1
x-xooxoxo;-1
xox-ox-o-;1
o-x--ox-x;10
x-x-ox--o;1
o-oox-xxx;1
x---xo-o-;-35
ox-xxo-o-;-2
x-x---oox;11
xxo-o-xox;1
oxxo-xxo-;2
xo---o-x-;-46
xx--xo-o-;6
----oox-x;-9
x-x-o-xoo;-2
oxo-x-xox;0
oxxxx-oo-;-1
o-xox--x-;4
xoxxo-o--;2
o--x-x-xo;-2
xxo---ox-;-2
----xxo--;105
xx-oo--xo;-1
x--xo-o--;26
-o-ox-xx-;10
oxxo---xo;1
xx-o-oo-x;-2
oo-o-xxx-;-3
xox-oo-xx;-1
--x-xo-ox;14
oxo-xo--x;-3
xxxoo--ox;1
--xx--o-o;-4
xxo-oxx-o;1
---ox-x-o;-39
o--x-o--x;-38
x-x---xoo;11
-ox--x---;113
oxxx-oo-x;0
x--oo-oxx;2
-xox-xxoo;2
oxx-oxxo-;0
--xxoxoxo;-1
-o-xxxxoo;1
oxooox-xx;-1
oxxoxo-x-;1
xoxoxxo--;1
xo-x--o--;-8
-x-ooxxxo;-1
-xox--oox;-2
xxoo-----;-8
x-x-ox-o-;0
oo--x-xox;-1
---xoxxoo;1
xo---x-xo;8
o-x--xo--;3
xx-ox-oxo;1
-xoox----;-39
x----x--o;136
x---o----;-124
o-o-x--xx;0
--x---xoo;-33
xxoo--xox;1
---ooxx--;-32
x--o-xx-o;8
xxo-o---x;-7
x-xoo--x-;3
x-x-oxo--;6
--x--ooxx;-4
xo-xxoo--;-3
--xxxo-oo;-1
xooo---xx;-4
xx---o---;69
ooxo-x-x-;-3
---oxx-ox;10
o-oox-x-x;-1
xxo-ooxox;-1
x-oxx-oo-;-2
-x-oox-xo;0
-ox---x--;141
ooxo-xx--;-4
o-xoox-x-;1
-o-x-x-ox;0
x-x-oo-xo;-3
o---x-ox-;-9
o-xxo-x-o;1
-o-xxx-o-;1
ox-o-xxo-;-4
ooxxx-o--;-3
x--oxo-xo;-3
---xxo-o-;-38
xoooxx--x;1
-ox--x-xo;4
--o-xx-o-;-39
-xo-ox---;16
ox-oo-xx-;1
x-x-xooox;1
-oxox---x;11
oxxxooxox;0
x-oxxxo-o;1
ox--xox--;10
-xo-xxo-o;-2
o-oxxxo-x;1
x-----ox-;160
xox--xo--;1
o-xxx-oxo;2
xxxxo-o-o;1
--x--o-x-;184
xxxo----o;1
-ox--xoxo;-2
-oxo--xxo;-3
--x-xxo-o;-5
--x--x--o;-28
xo-xxoox-;1
xo-x-xo--;-3
ox--x-xo-;13
ox--x-o-x;3
--x-x--oo;-17
---o-xxxo;4
o-ox--xox;2
xoo-xxoxo;-1
xxoxo-oox;1
-x-oooxx-;1
-x-ox-ox-;1
oxoxo-oxx;1
oox---xx-;10
-xoxo-o-x;1
-xo---o-x;-16
ooxoxo-xx;-1
-o-x----x;104
xxoo--x-o;2
ox----o-x;-4
ooxo--xx-;-4
---xxo-xo;3
--xoxo-ox;-4
xx--ooox-;1
o-ox-x-ox;-1
-ooxoxxxo;-1
xxxo-oxo-;1
-o-oxxox-;0
xo-oxx-xo;0
--x-ooxxo;2
xo-x-oo-x;-3
--xxxoo-o;0
o--o-x--x;-9
o--x--x--;-28
---xoo-xx;5
o-oxxo--x;0
-oxxo---x;3
--o--x-ox;-8
xoxox---o;-3
xxox--xoo;1
oo-xox-x-;2
xoxoo-oxx;-1
-ox-ox--x;1
o-o-xo-xx;-2
-x-x-x-oo;-1
x-xxo-oo-;1
----xxo-o;-9
ox-------;-522
xooxxooxx;1
oxo-oxxox;0
x-oo-x--x;9
-xox--o--;0
-x---o-xo;3
o-oxxo-xx;0
-xo--o-x-;3
oxooxxxxo;1
--x-ox---;-3
-x-xoo-xo;2
-o-x-xoox;-2
xoo-ox-x-;-2
ox-----x-;-39
x---x-xoo;10
-ooxox-x-;2
xoxoo--xx;0
-oxxoxxoo;1
-oxoxx-ox;1
-oox-xox-;1
xo-x---xo;9
o-xx-xoo-;-2
xoo-o-xx-;-4
x-oo-xxox;1
--oxx---o;-1
-oxo-xx--;10
-oxxo-oxx;1
xx-ooo--x;1
xxoxo-xo-;1
oxoo-x--x;0
-xo-o-xox;-2
-o--o-xxx;1
-oo-x-xx-;-5
o-o-xxxox;-1
ox--ooxxx;1
xo--xxo-o;-1
--o-oxxx-;5
ooxxxx-o-;1
----xo-ox;-55
xo---xo--;-22
xxo-oo-xx;-2
-xoxx-oox;2
xx---o-o-;-41
-x-oxoxxo;1
oxo-xxo-x;0
oo-xoxx-x;-2
xx-xoxoo-;-2
-oox---x-;-6
o-oxx-ox-;-2
o----xxo-;-22
-xoxo-x-o;1
oxxo-x-o-;-3
xo--x-xoo;-4
ox-xx-xoo;2
xooxx-o-x;1
oo-----xx;-9
-xoox-xo-;-2
x-x--oox-;9
xx-xoo--o;-2
xxoox-xoo;0
--x-o---x;57
x----xo--;80
xxx-ooo-x;1
--x-o-o-x;-23
-oxoxxo--;-1
-xxoo-xox;0
oxxxox-oo;1
ooxox-x-x;1
xx---ooox;-4
o-x---oxx;-1
-x---oxo-;-46
-oxx-oxxo;2
xoxo-----;-38
-oo-x-oxx;-1
ox-oxo-xx;1
oxoxx-xoo;-1
o-ox-o-xx;-3
--xxoox-o;-1
-ox-x-o--;-34
ox-x---xo;-2
x-xxooxo-;1
x-xx---oo;0
x-oo-xxxo;0
-x--o-x-o;12
oxxxoooxx;0
xo-o---x-;-56
-oxox-o-x;-2
o-oxx-xxo;-2
--x-o--x-;32
--xo-xxo-;14
ox-ox-xxo;1
--xoo--xx;0
ooxxox-x-;0
x-xo-oxox;0
-o---xo-x;-17
xxoox---o;-1
--x-o----;-124
---oxx-o-;-38
xx-ooxx-o;1
o-x--x---;45
-oxox-x--;1
-x--ox--o;14
ox-xx-oxo;1
-o-o-xxox;-3
ooxooxxx-;-1
x---xoox-;10
o----xx-o;-16
xoox-xx-o;1
o--o-xxxo;-2
xxoo-xxoo;0
--o---x--;-716
x-o-ooxx-;0
----o--x-;214
xxo--oox-;1
ox-o-x-ox;-1
xooox--xx;1
oxo-xoxox;0
-xxo-ox-o;-2
x--o---xo;-28
-x--ooxx-;-9
oxoxxo-ox;0
ooxxx-xo-;1
--o-x-x-o;-6
x-xoox-o-;-2
-xoxox---;-7
-xo-xo---;-25
oxox-xox-;0
xxooxxoo-;-1
-xo-xxoo-;-3
-xxox---o;7
o--x-ox-x;9
xx---oxoo;-2
oxx-ox-o-;-1
-oooxxoxx;-1
xx-o-xo--;9
-o--xx-o-;-51
oxoxo-x-x;1
xo--x-oxo;-2
xxo--xoo-;2
--xo-xo--;-9
-xx--ox-o;6
--o-ox-xx;-2
----x-xoo;-45
o--xxo--x;4
-xoxoxxo-;1
x-xooxo-x;1
o--x-xoox;-4
oox-xooxx;0
oxx-o--x-;-15
xoo-xx---;14
xo-ox--x-;13
o--x-o-x-;-28
x--oxoxo-;-4
oo--x--x-;-10
o-x---x--;117
-xxooo-x-;1
xox-oxo-x;1
-xo-x-o--;-41
o--ooxx-x;-4
o-xxo-x--;-7
xoo-x-xxo;-1
o-oxxoxxo;1
--ox-oxx-;0
--x--xoox;1
-----x-ox;113
-x-ooxxox;1
ooxx--ox-;-4
-xxxoo-xo;0
-oxx--oox;-3
xxxxoooxo;1
xx-oxox-o;0
oox-o-xxx;1
oox-x-xxo;1
ox-xxoo-x;1
xxoo-o-xx;0
x--x----o;21
xx-ox-oo-;-2
xoo-xox--;-2
oxooxx---;-1
x-oxo-ox-;1
-xxxoooxo;-1
-x---o---;-788
--x-x-o-o;-6
ox--ooxx-;1
xo-x--xo-;1
--ox-xxoo;-4
o---o-xx-;7
xo--x-ox-;13
---o--xxo;-8
x-xox-o--;10
oo-x-x-ox;0
o-xxo-xo-;4
oo-xxx---;1
-xoxo-xo-;-3
xox-oxox-;1
oxooxx-ox;0
o-oxx--ox;-1
x-xo--ox-;13
o-ox--x-x;-1
--xx-o-o-;-46
-x--xoxoo;-1
x-oxx--o-;7
xox--ox-o;-4
--ooxx-xo;-3
-xo--xoox;-2
x--oxox-o;-1
xo--xooxx;1
x-o-o--xx;-2
ox---oxxo;1
xxxoxo-o-;1
--o-xoxx-;0
oxx---oxo;1
x-xxooo-x;1
oo-xx--x-;3
xxoo-x-ox;1
oxo-x-oxx;1
x-xo-xxoo;2
-xxoo-ox-;1
x-ooo-xx-;-1
x-ox-xoxo;0
-xxo-----;69
oxo-x-xo-;-2
ooxxo-x-x;0
---o-x-xo;-26
ooo-xxxxo;1
x-oo--x-x;10
ooo--xx-x;1
oxox-ox--;0
xo-x-xxoo;1
-x--x--o-;160
o-x-o--x-;12
xxoox-o-x;1
xo-oox-x-;-4
-xx----o-;149
oxx-x--o-;1
o---x-xxo;6
x-o-xxxoo;1
xoxx-xoo-;-2
-o-o-x--x;-41
--xoxo-xo;-4
--o-xo-xx;11
xo----x-o;-39
-o--xx---;197
--xoox---;-27
xx--oxxoo;2
xoxoxoxox;1
xoo--oxxx;1
xx--ooxox;0
-o-oxxxxo;1
-xxxoo---;5
xo-o-xxo-;-2
oxx--oo-x;2
xx--ooxo-;-2
xx-o----o;-23
x--xxoo-o;4
x--xxooxo;-1
x----ooxx;1
x-o--xxoo;-3
-x-xoo---;-20
o--oxxxxo;2
oxx----o-;-20
xxx-o-oox;1
xoxxx-oo-;0
-oox-x---;3
---ox-xo-;-55
x-x--oxoo;-3
-xoo--x-x;9
--oxxx-o-;1
-oxx--xoo;-2
o--ox-xx-;11
o-ox-xx-o;1
---ooxxox;-1
-----ox-x;197
--xx---o-;104
-xxoxo-ox;2
x-ox-xoo-;1
oxxox---o;-2
oxx-o-x-o;1
xoxo---xo;-2
ox-ox-o-x;1
-xoxx--o-;5
xoo-x-xox;1
x-xoo-xxo;-1
--xo-x---;149
o-xxoxo-x;1
--x-o-xox;-5
xox--ox--;6
ooxxo--x-;-2
oxxx--oox;1
-----oxx-;69
oxo-xo-xx;1
x-o---oxx;2
xx-ooxo--;-1
o-x-x-o-x;-1
---xoxo-x;-2
xoxo-ox--;-1
o--xo--xx;5
x--oox--x;5
oxox-x-xo;0
-o-xxo--x;9
xxox-o-ox;2
--oox-xox;-3
xxo-o--x-;-15
ox-xxoo--;-3
--x-x-o--;104
-oxx-ooxx;0
-x-ooo-xx;1
oxxoo-x-x;0
--oxxo---;-10
-xxxoo--o;-1
x--o-ooxx;-1
ooxxoo-xx;-1
-xxo-o---;-15
o-oo-x-xx;1
xo--oxxxo;1
xxo-x-oxo;1
xooo-xx--;-4
xx---oox-;2
oxxxxo--o;2
ooxx-xo-x;1
-o-x--ox-;-26
--x-oxx-o;-7
-x--x--oo;-10
oo--xxxo-;-2
-x-o-xox-;-1
-ooxxoxox;-1
--xxx-ooo;1
ooxxx--o-;-4
xooxx--o-;-3
-x-o--xxo;-3
-xo--xoxo;-1
o-x-xo-xo;-4
ox-x-oo-x;-2
xo-xxooxo;0
--o--x---;-522
-x-oox---;-20
---xx---o;105
xooxxo---;-2
o---xx---;105
o-o---xx-;3
xxoxo--xo;-2
o-o--x-xx;-9
x--xo-x-o;1
x--o--xox;1
---oox-x-;-20
-o--oxxox;1
-xxoox-xo;0
-ox-o-oxx;-3
-o-ox-x-x;11
o---x-xo-;-39
x-o-oox-x;-2
--xxo----;32
xoxooxxo-;1
oxxo-ox--;-1
---x-x--o;-39
o-x--o-x-;-22
--o-o-x-x;-23
--xx-xo-o;-5
-xox-xo-o;1
-o--x--ox;-51
---o---x-;-788
--oox-x--;-34
xoxxx-o-o;-1
o-xxoo-xx;1
---o-x-ox;-39
oxoxxoxox;0
-xo-o-oxx;1
xo-ox-x-o;-3
--xx-x-oo;-9
xoox-xxo-;1
-o-xxooxx;1
---x-xoxo;1
xoxxo-oox;1
-o-o-x-xx;10
-xx-ox--o;-2
xxo-o-o-x;1
ox--x--ox;4
x--oo-xxo;2
x--oo-xx-;-1
o--xx-o--;-39
ox----xxo;-2
o--o---xx;-1
xoxx-xo-o;-1
-xxooxoxo;-1
x-ox-o--x;10
xo-xox--o;-1
x-oo--xx-;1
oo-x-x-xo;1
-oxoxooxx;-1
-----xxo-;184
-xx-o--xo;-2
xxo-ox--o;0
-xx---oo-;-9
xoxxooo-x;0
xo-xxo-ox;1
-ooxxo-xx;0
x-oox---x;1
-xxoxo--o;-3
ox-oo--xx;1
oo-xxox--;-1
oxo-x--ox;-2
o--xo-oxx;0
x-o-x---o;-6
xo-xx-o--;10
----xooxx;10
-o-oxx-ox;-4
-oxxoo-x-;-4
oxooxxxox;0
-x-x-o--o;-6
oxxo-oxx-;0
-oo-xoxxx;1
x-xxo-xoo;1
xoxooox-x;1
x--ooox-x;1
oxox-x---;1
--xo-oxox;-1
x--ooo-xx;1
xx---ox-o;0
x----ox--;117
xo-xo-ox-;2
xxo-xx-oo;-1
oxxx--oxo;0
-o-xx-xo-;11
o-xooxxxo;1
xoo-x--x-;9
oo-xo-xx-;1
ooox-x-x-;1
ox--oox-x;-1
ox-o-xx-o;-2
-ox-x-o-x;10
ox-x-xoox;2
oxoxo-xx-;0
x--ooxo-x;-1
x-o--xo-x;2
xooxo--xx;0
--o--x--x;-28
ox--o--xx;-3
xo-xo-xxo;1
-oxo-oxx-;-2
ooox--xx-;1
o-oxx----;-9
o--xxox-o;-1
-xxx--ooo;1
ox-ox--ox;0
x-x-oo---;-9
ox-o-xx--;12
oxo--x-x-;1
-xxoxoo-x;0
ox--ox-x-;-11
xxo-xo--o;1
x---xoo-x;1
ox-x-xoxo;0
o---oxoxx;1
--x-x---o;177
x-xooxx-o;1
x--xox-o-;-9
--o-xoxox;-3
---ox--ox;-45
oxxx-xoo-;0
oxo-xxoox;-1
-oxx---o-;-24
o--x---ox;-28
o--xx---o;-41
x---ooxxo;1
x--o-----;-1292
xo--xx-o-;14
xo-ox-xo-;-4
x-x-x--oo;4
-xo---xo-;-38
xo-xxoxo-;1
x-x-xo--o;10
xxoxox-o-;0
o-xx--xoo;-1
xxoox-xo-;1
oxoxo---x;0
o-x-oxxo-;1
-ox-o--x-;-32
ooxx-xxo-;0
oxox-o-xx;2
-xox-o-xo;1
xxox--oo-;2
-xxox-oxo;1
-xoxo-ox-;1
--o-xxo-x;6
-oxxx---o;10
-----x---;4056
oo-xxxo-x;1
o-x-xxo-o;1
xxoxxo-oo;1
xoooxx-x-;1
-ox-oxx--;-5
oxooxxxo-;0
---x-ox--;149
-xox-ooxx;0
xxx-ox-oo;1
xox-oo--x;4
oxox-oxox;0
-o-xox-xo;0
xxo---xoo;-1
ox-xxoxo-;1
x---o-o-x;12
-ox-xxo--;6
x-o--xox-;5
x-xooox--;1
o-x-oxx--;-2
-x-oo---x;6
-xx-oo-xo;1
oxoox--xx;1
x-o-o--x-;12
xx--o----;-3
-xx--o-xo;6
-x-xo-o--;14
-x--oxxoo;-2
xxoo-oxox;-1
--x-xx-oo;4
ox-xo-o-x;0
x-oo--x--;-20
x-xo--x-o;10
--xxxooxo;1
-oo-oxx-x;1
o-xox-o-x;1
oxoxxox--;-1
xxooox-ox;0
-o---x---;-788
--xo-ox-x;4
x---xo-ox;1
oxxooxox-;1
oxx-o--xo;1
ox-xooxx-;0
--xox--xo;10
o-xox-x--;1
oxox-xo-x;0
--xx--oo-;-18
-oo--xxxo;0
x--oo--x-;-4
xx----xoo;10
x-xo---ox;7
--xxo--xo;1
o----x-x-;-48
oxoox-xox;0
ooxxxo---;-3
-oo---xxx;1
x--ox-x-o;5
ox-xo-x-o;1
-xxoo-x--;-1
oxo-x-xxo;1
-xxox-oo-;1
oxx----xo;-2
---ooxoxx;1
o-x-ooxx-;1
--xoxxxoo;1
xxoxx--oo;-2
xx--ooxxo;-2
-o---xxxo;0
x--xoo-xo;-3
-x-xox-o-;-4
o-o--x--x;20
xoxx----o;1
-o-x-xo--;-11
o----xoxx;-9
x----o-ox;-41
--xxoxo--;-3
x--ox-oxo;-3
ox-xo----;16
---o-xox-;-16
--o-xox--;-12
x---oxoxo;0
o-x--xxoo;-1
ox--ox-ox;-3
-xxox-o-o;0
-o-oox-xx;-4
xo----xox;4
--xxoxxoo;-2
-oxxo-o-x;-1
x-xooxxo-;0
--xxo--o-;6
xo--xx--o;9
xoxoxoxxo;1
o--xo--x-;14
o--oxx--x;-5
oo-x---xx;3
xo-xxo--o;-1
xxo-xo-ox;1
oox--x---;-33
-oxoo-xxx;1
--xxooxxo;0
-o-x---xo;-28
xooxxxo--;1
--oox-xx-;6
xoxo--x--;1
-ooxxx-ox;1
-o----oxx;-20
ox-o-xxox;1
--oxoxxox;-1
---o-oxxx;1
-oxxo-xxo;0
-x---x-oo;-16
o--xox-ox;-1
o-xxxoo-x;0
xox---oxo;0
ooxx-oxox;-1
xxox-o---;-1
ox-x--x-o;-3
o--oxxx-o;-5
xo----xxo;9
oxo--xxo-;-2
--x--o--x;124
oxx-x-oo-;4
--x--xoxo;0
o-ooxxxx-;0
-xxo--ox-;0
ox-oo-xxx;1
-x-o--o-x;0
x-oxox--o;-1
------xxo;-28
----xx-oo;-25
xxoox-o--;-4
---oxoxox;-4
-x-o---xo;-11
x-xox--oo;-2
x-x-oooxx;-1
-x--o-xox;4
ox-x-oox-;-3
xooxxoox-;-1
-xxoxoox-;1
oxoo-xxx-;2
o-xooxx--;-1
xooxxxoox;1
oxoxxo--x;1
x-ooxxoxo;-1
--oxxxoxo;1
xoxxxo--o;1
o-x-xo---;-39
-ox-x--ox;15
o------xx;21
xxx-xooo-;1
-xooxxxo-;0
---x-xo--;-39
---ox-xxo;10
xxoox-ox-;1
xo--oxx--;3
o-x--x-xo;-3
-o-xx----;197
x-o--oxx-;0
ox----xo-;-42
-x-o---x-;-15
ox-oox--x;-3
oooxoxxx-;1
x--ooxox-;-2
--oox-x-x;10
-oo-x-x--;-12
xoxo--ox-;-4
xxoxo---o;1
oox-x---x;10
-o-x--x-o;-17
x-ox-x--o;6
x--x-o-ox;14
oxx--o-x-;-3
x-x-x-oo-;4
oxx-xo---;10
oo-xxoxox;-1
x-xoo-ox-;-3
x-ox--xo-;1
x-xoxo--o;-4
o-xoxxx-o;1
---xo--x-;-28
-----xoxo;-20
--x-o--xo;2
x-o-x--o-;-29
--xx--xoo;6
xooxx-x-o;1
oo-xxx-xo;1
xo-o--x--;-38
-ox--ox--;-41
---ox--x-;197
-oxoxox-x;1
o-xx--o--;-32
-oxoxo-xx;2
x-xoxo-o-;-3
-x--oxoxo;2
x--xxoo--;1
xoo--o-xx;-4
xxoo-xx-o;0
o---xoxxo;-2
xx-oo---x;-5
--oxoxo-x;1
x-xxoxoo-;-2
xoxx-o--o;-3
ox-o-x-x-;-1
-xoxo----;14
xo--ooxx-;-2
xo-xxo-o-;-4
--oxx-o-x;14
xxxxo-oo-;1
xoo---xxo;-1
x----x-o-;104
-ox-xoo-x;-3
xxooo-xxo;0
oxxx-x-oo;-2
--oo-xxox;-2
-o--xxoox;-3
-ox--xo-x;1
oo-xoxoxx;-1
oo---xxxo;2
ox--o-x-x;9
xo-xoxox-;-1
---o-x---;-1258
xoxx--o--;-4
-x-xoxo--;-11
oxxxo-oox;-1
o---ox--x;-11
x-oxxxoo-;1
--o---xox;-20
ooxxx-o-x;1
xoox--x--;1
--xx--oox;13
oxxxoo-ox;0
oxoxx-oox;-1
xox-o----;8
xoooxxxox;1
-o-x-oxox;-3
-xoooxoxx;1
xxox--oxo;-2
--xoxxoxo;-1
o-oxo-xxx;1
--xoxo--x;10
o---oxxxo;1
-xo-xox--;3
oxxx-ooox;0
xxx--ooox;1
xoxxoxo--;-1
o--oxx-x-;-1
o---x-o-x;-6
-oxo-x-x-;9
-x-oxxo--;-1
--ooxxxxo;1
-ox--xxo-;4
-oox--oxx;2
oox--xox-;-3
--x-xooxo;-3
xx-xxo-oo;-2
-----x-xo;76
xxo---xo-;9
ox-xoooxx;0
-x--x---o;105
x--x--xoo;1
-xox-ox-o;1
x--xx-ooo;1
xxoox--xo;1
oxx-oo-x-;4
ox--x-x-o;14
xo--x---o;-34
---xx-o--;185
-xxo--oox;-2
ox--xxo--;0
xo-o-x-ox;-2
o-xxxooxo;-1
-x-xxooox;1
----xx--o;185
-ooxoxx--;1
oxx--x-oo;2
oxox-xo--;-1
xx-xoooxo;-1
x-ooxxo--;-5
--oxoxxxo;0
xxo-oxxo-;1
-xxoox--o;-1
x--oooxx-;1
--ooxxx--;4
-oo--x-xx;-1
---o-x-x-;136
o-oxox-x-;6
-xxx-ooo-;-1
oxxoo---x;1
-ox-xo---;-55
x-oxx-xoo;1
ooxx-xoxo;-1
xxoxo-oxo;1
-x----o-x;80
-ox--xx-o;1
-o-oxxx-o;-3
oox-x----;-45
xx-o-xoox;2
xxooox-xo;0
oxoxoxxo-;0
x-ooox-xx;0
x-ox-oo-x;-1
-xo-oxxo-;-2
xx-xooox-;0
--oxxooxx;2
xoo-----x;-33
xoo-x-ox-;-5
x-oo--xxo;2
-x--ooxxo;6
o--ox-x-x;10
---xoxoxo;4
-xxx-o-oo;-3
xoo-x-x-o;-1
----oxox-;14
xoox--ox-;-2
xx-oo----;5
x---oo--x;6
oxx-xo-o-;-3
--o----x-;-196
ox-xxxoo-;1
xox-o-x-o;-1
xoxox-o--;-3
ox-ox-xo-;-3
xoxxoooxx;0
x--xxooox;1
x-oo-ox-x;-2
-o--x-o-x;-29
oxoxo--x-;2
-oxo-ox-x;-2
oxxox-o--;1
x-ox-----;45
ox-x-----;76
o-x-o---x;-23
xxo-oxo--;1
-o-xx-oox;-4
-o-ox-x--;-45
-xxxxooo-;-1
-xo--ox-x;13
-o--xx-xo;9
x----oxo-;-35
x--ooxx-o;-2
x--x-oo-x;9
ooxxo--xx;2
-xoo--oxx;1
--o-xxo--;-41
o--xx-oox;-3
x--oox-x-;8
o-x-----x;149
---xox---;-216
xoxoxo---;-4
---xx-oxo;10
--xxoo-xo;-2
o-xoxxoxo;1
xxo-x-oox;1
-xoox---x;10
-ooxxox-x;0
xxxo--oox;1
x-ooxx--o;-2
xo-oxx--o;-2
x-oox--xo;-1
-oxoxxo-x;1
-x--x-oo-;-10
-o---o-xx;-39
o-x-x-x-o;1
x-ox--o-x;2
xx-xo-oo-;1
---xxoo--;-32
o----x-xo;0
---xo---x;32
xoxo-xox-;1
--x-xoxo-;1
x-o-ox-xo;0
-xooox-xx;0
--xxo---o;12
--xooxx-o;0
oxo---oxx;1
o--xxoox-;-3
o-xxo-o-x;-3
xo---xoox;-2
-oxxx--oo;-2
-o-x-o-xx;9
-o-xx-o--;-39
ox--x--xo;1
x-ooxx---;13
oxoo--xx-;-4
ox--xxoxo;1
o-x--xo-x;1
----o-x--;-124
xo--oxo-x;1
ox-oxxo--;1
-xxoxox-o;1
--oxo-xx-;2
xxoo--o-x;-1
o-x-oo-xx;-1
xoxox-o-x;1
x--oxxoo-;-1
xox----o-;-16
oxoxox-x-;-2
ox-xxo---;9
x---o-xo-;-9
-x-oxxoo-;2
x-oxooxx-;1
---o-xxo-;-56
o-xx--x-o;2
xx-ox-o-o;-2
xoxo-xoxo;0
-xoo-x---;-26
x-oo--xox;-3
ox-ooxx--;-2
---oxxoxo;-1
x---oxxo-;3
oo-oxxoxx;1
oxxoxx--o;0
oxx-xoo--;-1
-oxx-xo--;6
-oox--xx-;0
--x-ox-ox;1
xxx-ooox-;1
oxooxox-x;-1
oxx--x-o-;1
o---o-x-x;-23
x---o-x--;57
xooxx----;11
xo--xxoox;1
o-xoox-xx;1
o-xxo----;2
-o--oxxx-;5
o-xxoox-x;1
--x--o-xo;-50
o----x---;-196
xoo-ox-xx;0
---xoxoox;1
-ox--x-ox;1
-xox---xo;-9
xoxxo----;-1
x-o--ox-x;11
o-x----xo;-16
ox-xoo--x;-2
-o-xxxo--;1
oo--xxox-;1
ox-xxox-o;0
o--x-x-o-;-11
-xooxx--o;-3
o-o-xxoxx;-2
-x----oxo;-15
-xo-x-xoo;0
ox---ox-x;9
x-ooxx-o-;-3
ooxox-oxx;1
-xxo-o-ox;-3
x-o--xoox;-1
xxo-x-xoo;-1
o-xx-oxox;1
x--oo--xx;-1
xo--ooxxx;1
-xx-oxoxo;0
oxx-oxox-;-2
ox-----xo;7
oxx-oxxoo;1
-x-x-oox-;5
xoxoxoox-;-1
oxox-xxoo;-1
o---o--xx;-11
ox----xox;8
x-oo-oxxx;1
---xoxxo-;-5
o--ox--x-;-15
ox---xoox;-3
x--o-o--x;-17
xoo-xxo-x;1
-xoxox-o-;0
-x--o-xo-;-32
-xoxoo-x-;2
--xxooo-x;-2
o--x-xx-o;-2
x--ox--xo;9
-oo-x-x-x;4
x-x-o-ox-;9
-oox--x--;-1
ox-xx-oo-;-1
-ooxx-oxx;0
oxxx-oox-;1
o--oxxxox;1
o-oo-xx-x;-1
ooxx--o-x;-3
xo-oxx-o-;-5
-o-xx-x-o;7
xox-x-oo-;-1
--xxo-xoo;1
--xooxxo-;-3
xooxx--xo;0
xxooxoxo-;-1
-oxx-o-ox;-2
-xooox--x;0
o-xxxxoo-;1
xo---xo-x;6
x-xo--o-x;11
-xoxoxxoo;-1
xxo---o-x;2
x--o-o-x-;-24
-xo-x---o;-9
----o-xxo;26
oxx-xxoo-;-2
-o--x--x-;160
oxo--oxxx;1
x-oxxo--o;1
-o-xxx--o;1
x-oxxoox-;0
xox-o-oxx;1
-ox-ooxx-;-3
xxoo-xoox;-1
xxoxoxxoo;1
--xoo-xxo;4
x-xo--xo-;6
x-xoxoxo-;1
--ooox-xx;-1
--oo--xxx;1
-o--xoxx-;6
xo-xx--oo;-2
o-xo-xxxo;0
oo--xx-xo;-3
-ox--ooxx;-2
oxxxo--o-;0
xo-x--ox-;4
x-x--xoo-;0
-oo--xxox;2
---oo-xx-;5
-oxx-xxoo;0
xoooxoxxx;1
-ooxx-xo-;-2
ox-oxx-o-;0
--oox--x-;-29
o-o-xxo-x;1
-x---ooxx;-3
----o---x;-124
-ox-xo-xo;-3
-xoooxx--;-2
x-ox---ox;6
--o---xxo;20
-oox-xx--;0
x-oox--x-;10
---x-xoox;6
xoo-xx-xo;1
--oxo-oxx;1
oox-oxx--;1
-o-oxx-x-;0
xo--oxoxx;0
----xxoox;11
oxx-x-o-o;1
o----o-xx;-23
-x-ox--ox;9
x-oxo---x;-2
x-x-oxoo-;0
x-xx-ooxo;1
oxo-xoxx-;1
oxxx-xo-o;-2
-xoo-oxx-;0
o-x--o-xx;1
ox-o----x;-18
oox-ox-xx;1
xxxox-oo-;1
xx-o--oxo;-4
x-oxoo-xx;0
-x-xxoo-o;1
x--o-ox-x;4
xoxo-o-xx;0
oxx--oxo-;-3
-x--xoox-;1
-x----xo-;264
o-xo--oxx;1
o--o--xx-;-33
-xox-xoox;0
-x---ox-o;0
-oox--xox;1
xxoo-o--x;-1
x-xox--o-;11
oo-x-xo-x;-2
x-oo-x---;-42
oo-oxxxx-;0
-x-x----o;-48
xxoxooox-;1
ox-o--x--;-50
--oo--xx-;-23
-x--xox-o;4
--xxxo--o;9
xxo--xxoo;1
-o--x--xo;-32
xx--oo---;3
oxo-xxox-;1
-x--xxoo-;-1
o-oxx-xox;-1
-xx--oo--;-23
--x---oxo;-32
o-x-oxxox;1
o--oxox-x;-4
-o---oxx-;-41
--ooxxox-;-3
ox---o-x-;-11
xoxxoxoxo;0
xxxoxo--o;1
-xooxxxoo;0
x-o-x-xoo;-1
--o-xxxoo;-3
xoxxo--xo;1
x--xxo-o-;6
oxxo-x-xo;-2
-x-o-xo-x;-1
oxox--xxo;-2
---x--xoo;-33
xxo-o--xo;4
x-oxx-oxo;0
o-x-xoo-x;2
x-x-oo-x-;3
ox---x-o-;-28
oxxx-xooo;1
oxxoxoo-x;1
x-xxooo--;-3
x-ox----o;3
--x-xooox;-3
ox---x-ox;9
-xxooxxoo;-1
xxx-oxo-o;1
ooxxxoxxo;1
xoxx-ooox;-1
-xo-xxoxo;1
x-xoxxooo;1
-x-x-oo-x;8
o--ooxxxx;1
o-o-x---x;-6
xo-oxxx-o;1
xx----o-o;3
--x---x-o;117
oxxoxox--;1
-x--o--x-;-216
o-xxxo---;13
---xo-xox;-1
o-o----xx;3
x-o-xoox-;-2
---xoo-x-;-20
xx--xoo--;7
oo-oxxx--;-1
o---xx-ox;6
--oxoxox-;1
xx--o-xo-;10
o--xxxxoo;1
o-x---ox-;-4
---xo--xo;14
ox-xoxox-;-2
-xx-x-oo-;-5
---o--xox;-38
x-o-x-o--;-41
o-ox-xoxx;-2
---xox-ox;-5
x--o-xxoo;-4
x-ox-x-oo;-2
ox-x-ooxx;1
-oxxox-o-;1
x----xo-o;-4
xx-xooxo-;1
o-ooxxx-x;-1
x--x-xoo-;-9
xoxx--oox;0
xoxox-oxo;0
xox---xo-;4
oxoo-xxox;0
x-ooxxxo-;1
ox--xo-ox;-2
xo-ooxx--;0
-xxooo--x;1
o-xo--x-x;11
--xx-o---;264
-oxxoxo--;-1
xoxo-xxoo;-1
--xooox-x;1
-ox-x-ox-;4
-oxooxx--;-1
--oo-xx--;-38
o-ox-xo-x;1
--xoooxx-;1
-ooox-x-x;-2
x--x-oox-;0
xo--xxo--;10
x--x-oo--;-20
xxo-xoo--;-2
oxo-x----;-39
-ooxx----;-15
-oo----xx;-13
xox--o-x-;8
--x-oox--;6
oo---xx-x;0
o-o-xoxxx;1
xooxx---o;-2
x-o-x----;177
xooxox-x-;0
---x-xo-o;17
o-xxx-o-o;-3
ooxx--xox;0
-------xo;-522
o----oxx-;-17
-xxoo-xxo;-2
---xo-xo-;5
-xo-xx--o;10
xxo-oxoox;1
o-oxxox-x;-1
o-xxxo-o-;-3
xoooxxx--;1
---oxxxoo;-3
xoxo-ooxx;-1
o-x-x--ox;10
xoo-xxxoo;-1
-oxx-xoo-;0
--o-xooxx;-4
o-o-x-xx-;0
-x--o-oxx;-15
o-x--x--o;8
ooxxxo-x-;1
-xo--oxox;-4
-xooxox-x;2
o---oxxox;-1
-o-xox---;32
o---xx--o;-41
-o---ox-x;-35
--o--xxox;-4
xx--xooo-;-2
x-xoxooxo;-1
x-oxoxx-o;1
-x-xooox-;0
x-o-x-xo-;10
xoxo---ox;-2
ooxoxx-x-;0
--oxoox-x;-4
xooxo-xx-;1
-oxox-oxx;0
oox---x--;-33
-oxx--xo-;4
x---oxox-;1
-xoxxoxoo;1
xoo-xoxx-;0
xo-x-ooxx;1
xx--o-o-x;-2
o-x-o--xx;6
xoo--x---;-50
ooxxxo-ox;-1
--x-xoo--;-34
-x-xo-xo-;5
xo-------;-1292
---xo-x--;-3
xox-o-o-x;-1
xxxxoo-o-;1
x-------o;-716
oxoxxxoox;1
x--x--o--;-28
-xxoo-x-o;1
ox-x-xoo-;-3
-xx-o-o--;-11
o--x--xo-;-8
x-ooxo-x-;-2
--xxo-oxo;0
xxo----o-;-20
-x-x-xooo;1
xo---oxxo;-3
--x--xxoo;5
xoooox-xx;-1
x-xox-oo-;-2
oxox-xxo-;1
xoxx-o-ox;0
---oxox--;-51
ooxx---xo;-2
xo-x-xoox;0
oxxxxo-oo;-1
-o-xx-xoo;-3
xx-oxo-o-;-4
-x-xo-oxo;2
xoo--xxxo;1
xxxo--oxo;1
oxxox-x-o;1
xox-oxoxo;0
xx----o--;45
oxxox--xo;1
xoxo-x---;9
xx-xooo-x;0
oxxo--xxo;0
x---x-oxo;9
xx-o-xoo-;-3
----oxoxx;-2
---oxxo--;-10
-x-o-xo--;-6
o-oxxxx-o;1
ox-x-o-x-;5
o-xxoxo--;-1
oo---xx--;0
-oxxoxoxo;0
-oo--xxx-;3
--o-x-xox;5
-x-o-oxx-;0
o---x-xox;5
o--x-xo-x;6
xxo-oox--;1
oo-o-xxxx;1
-xo-ox-x-;-7
xxo-x---o;-5
xxoxo--o-;-1
----xo---;-1470
-xx--o---;113
ox--o-xx-;-2
xoxo-x-ox;1
x-o---xxo;-1
oxoo-xx--;-4
oxxooxx--;0
oox--xoxx;1
-oo-xox-x;-2
xoxo-xo-x;1
x-x-o---o;-23
xxxo-xo-o;1
x--ooxx--;4
xooxxx--o;1
-oox----x;0
ooxx-oxx-;2
o---xooxx;-1
xoox-x--o;-4
-oxx----o;-22
x---oooxx;4
o-o-oxx-x;-1
x---oxo-x;-2
xo--xxoxo;1
xo-o-x-x-;12
xxx-oox-o;1
x-xx-oo--;9
oxxoxo-ox;-1
xo-x-----;113
-x-oo-x--;-4
ox-xx-o-o;-2
o-xxo---x;9
xx-----o-;149
-xox-ox--;3
o-oxox--x;4
oxx--xxoo;0
ooxxxoox-;0
oxo--xx--;8
ox-o---x-;3
xo-x-o-xo;-1
oxxoox-x-;-2
--x--xo--;21
xxoxxoo--;0
xxooxxo--;2
xooo--xxx;1
xx-oo-xox;-1
oxx-o-x--;-7
xxoxox-oo;-1
xoo--x-ox;-1
-------ox;-1292
---x-oxox;9
-oo-x--xx;4
-o--xx--o;-39
o-xoo-xx-;1
x--o-x-o-;-46
x-xoox-xo;1
-ox---ox-;-38
-ooxxox--;1
xo-----x-;264
xx-oox--o;-3
ooo-xx--x;1
x--xoo-ox;-3
---x-o-ox;-56
o-x-xxxoo;1
xx-oox-o-;-3
oxxxo-ox-;-1
-xo-ox-xo;4
-xxo-o-xo;-2
--ooxxxo-;-2
oo-xx-ox-;-1
--xxoxoo-;1
oooxx-oxx;1
xxo-ox-ox;-1
--xx-o-ox;8
x-x--o-o-;-35
o-ox---x-;18
-ox-o--xx;10
xox-o-ox-;-2
o---x---x;104
oxxooo-xx;1
-x----ox-;-39
x--ox-ox-;14
xxooo-x--;2
oxo--xoxx;-2
xo-xxoo-x;1
oxx----ox;9
xoxox--o-;-4
-x-xxooo-;0
oxo-xx-o-;-3
-xxo-x-o-;10
xoox-xoox;-1
-o-xx-ox-;9
o-x-o-oxx;-1
-xx-----o;45
o-oxo-x-x;-1
oo--xx--x;0
-x---xxoo;12
-ooxoxoxx;1
---o-oxx-;-15
--xxoxoox;1
x-ox---o-;-17
x--x-ox-o;1
--oxo-xox;-1
---x--o--;-522
-oxxo--x-;8
--xooxxox;1
-oxx--oxo;-2
oo--x-xx-;4
o-ooxx--x;4
o-x--xxo-;6
-xxx-o--o;9
o-oxxx-ox;1
-o-x-x-o-;-1
oox----xx;10
---oxx---;160
----x----;10032
xooo-xxxo;0
xox--oxo-;-2
o--o-xxox;-3
-xxooxox-;0
----x---o;-1038
-x-x--oo-;-16
xxox-ooox;-1
-ooxx--xo;1
o-xx--ox-;8
x-xxoo---;10
x-o-oxx-o;-3
o--xoox-x;-3
--oxo-x--;-11
x--xoxo--;-15
oxxxoo-xo;1
xoo-xox-x;1
x-oxx---o;0
x--------;6756
oo-xxx-ox;1
-oox--x-x;0
oo-x--xox;2
xx-o-oxxo;-2
-xo-x--o-;-32
-oxooxxx-;1
o--xoxxox;-1
-xxxxoo-o;0
-oxxooxox;1
--ox--xxo;-9
o-o-x--x-;-1
o-x-xoxxo;1
o-oxxox--;4
o-o-xx---;-9
---xox-xo;-7
-ooxxo-x-;2
-x-x---oo;-6
x-xo-oo-x;-2
-x-x-xoo-;-1
xooox-x--;-3
---o-xo-x;-13
o-x-x--o-;-29
-xoo-x-xo;-3
o-xxooxx-;0
oox-x--ox;-4
x-xxoooox;-1
x-oooxxox;0
--x-oxox-;5
o--x-oxox;-2
xxo--xoox;0
oxxo-ooxx;1
--xx-oxo-;10
-x-oo-xox;0
ox---xox-;-9
-o-x--xxo;1
-xo-o--xx;-2
x-oox-xo-;-3
xxx-oxoo-;1
--o--xxo-;-28
oxo-ox-xx;0
-oxxo----;-4
--o-oxxxo;0
--oxxoox-;-3
x--xooox-;0
x--ox-o-x;1
oxx-xooox;0
oo--xx-x-;-1
xo-o-xox-;-4
o--oxoxx-;-3
oo--x---x;-12
o-xxox-ox;1
x-xxxoooo;1
---ox----;-1470
oox--xx--;6
-o------x;-966
x----xoox;6
o-x-oxox-;1
oxoo--xxx;1
-xo--x--o;-20
xox--oox-;-2
x-xo-oxo-;-2
-oo-xxxo-;-3
xx-oxo--o;-2
--xo-----;-966
-----x-o-;-788
--x--oox-;-28
x-x--ox-o;11
ooo-xx-x-;1
---oxxo-x;4
x-x-----o;149
-o--xx-ox;11
o--oxx-ox;-1
xoxxxo-oo;-1
ox--xo---;-39
-o---oxxx;1
x-oxxoo--;-1
x-o-ooxxx;1
-x-ox-xo-;13
-x-xoo-ox;-4
oxo-x-x--;9
--x--xo-o;20
-oxoox-xx;1
-oooxxxxo;0
-x-o-x-xo;5
-xo-ooxxx;1
-oox-xxox;-2
o-xx-oo-x;0
ooo-x-xx-;1
oox--ox-x;-4
ox-xo---x;4
ooox-xxox;1
-x--ox-o-;-20
ooxxx--xo;2
ooxx-xo--;-4
x-x--ooxo;-3
xo-oxox--;-4
xxo-oox-x;0
oxxoxx-oo;-1
-xxo-xxoo;2
oxoxxxo--;1
-xx--ooox;-3
xx--ox-oo;-3
-oxo-xxxo;1
x-ox-o-xo;1
--xxx--oo;4
x--o-xox-;12
xoxxo-o-x;-1
----xox-o;-17
o-xo-x--x;1
-oxx--o--;-28
-----xo-x;45
o-x-xx-o-;7
-oxx---ox;7
x------xo;136
o---xxxo-;10
-xx-x-ooo;1
o-xxoooxx;0
oox---oxx;-1
ox--xo--x;9
-oxoxxoxo;0
xx-x-o-oo;0
o-xx-x--o;-2
-oooxxx--;0
ooxoxxox-;1
o--oxx-xo;-3
o--xx-ox-;10
oo---xoxx;1
xox-x--oo;-1
ox-x--oox;-4
xo-xx-xoo;1
o-oxxx-xo;1
ox-xo-xox;0
x--o--oxx;5
oo-x----x;-18
-xoxoxx-o;0
xxoo---ox;-3
xo-ox----;-55
o-xx-ooxx;0
--ox--x-o;3
o--xx--ox;9
o--oxxo-x;1
-o-x-xxoo;-2
-xo-oxxox;0
o-xx---o-;-22
-o--xox-x;11
x-o--xo--;-16
-xo-xxxoo;1
-o-x-ooxx;-2
-----xo--;-196
xx-o--o--;-33
xoox-xox-;0
-x-o--oxx;-9
oxox----x;8
oo-xxxxo-;1
-ox-o---x;-9
-x-o-ox--;-24
--oo-xoxx;2
x-o--oxxo;1
xxxo-o-ox;1
xxo-xoo-x;1
x-o------;-700
ox----oxx;-5
-o--xxo-x;7
xxox-oox-;-2
---oo--xx;3
x-x-ox-oo;1
xo-oxox-x;1
xo--x--ox;1
x--oo-x--;8
x-x--xo-o;-1
-xooxoxox;-1
xoo-xxo--;-4
--o-ox-x-;14
ooxxoxx--;-2
ox-xoxxoo;1
x-x-o----;57
-x-x-oxoo;-3
oxxx--xoo;0
oxx--oox-;-1
--o--xx--;136
-xxo-oox-;0
-xo-oxxxo;-1
o--ox-x--;-45
o--x---xo;0
---ooxx-x;10
---ox-ox-;-25
x-o-oxo-x;1
xo-oxxox-;1
--xxo-o-x;9
o--x--xxo;-11
x-xoxoo-x;1
x--x--oox;5
-x-oxo-ox;-5
-x-xoxoox;0
oxx-oxoxo;1
xxoooxx-o;0
--xo--x-o;-27
xo-xox---;-5
xo--xo-xo;0
x-xxo-oox;0
xxxooxxoo;1
o-xo-oxx-;-2
o-xxx--oo;-2
---xoooxx;2
---xox--o;38
o-x--xoxo;2
ooxo--xxx;1
xox-oooxx;0
xoo-xx--o;-3
oo-xxxx-o;1
-xxo-x--o;1
